treated_club,treated_season,control_club,control_season,tier,hire_type,firing_mw,t_pre,t_post,c_pre,c_post,t_diff,c_diff,did
36,2019/2020,157,2023/2024,1,Permanent,11.0,-1.125,0.25,-0.05250000000000005,0.26166666666666666,1.375,0.3141666666666667,1.0608333333333333
36,2019/2020,47,2019/2020,1,Permanent,11.0,-1.125,0.25,-0.125,-1.8333333333333333,1.375,-1.7083333333333333,3.083333333333333
36,2019/2020,406,2021/2022,1,Permanent,11.0,-1.125,0.25,-1.375,-0.6666666666666666,1.375,0.7083333333333334,0.6666666666666666
76,2024/2025,285,2020/2021,3,Permanent,14.0,-0.7862499999999999,-0.9033333333333333,0.0,0.25,-0.11708333333333343,0.25,-0.36708333333333343
76,2024/2025,166,2020/2021,3,Permanent,14.0,-0.7862499999999999,-0.9033333333333333,0.8461538461538461,0.16666666666666666,-0.11708333333333343,-0.6794871794871795,0.5624038461538461
51,2023/2024,445,2023/2024,1,Permanent,12.0,-0.3162499999999999,-0.34500000000000003,-0.62125,-0.17000000000000004,-0.02875000000000011,0.45124999999999993,-0.48000000000000004
51,2024/2025,40,2022/2023,1,Permanent,15.0,-0.37625000000000003,-0.36916666666666664,-0.125,-0.5866666666666667,0.007083333333333386,-0.46166666666666667,0.46875000000000006
42,2019/2020,42,2022/2023,1,Permanent,11.0,-1.5,-0.25,-0.375,-0.5591666666666667,1.25,-0.1841666666666667,1.4341666666666666
42,2020/2021,233,2020/2021,1,Permanent,14.0,-0.375,-0.16666666666666666,-0.25,-0.08333333333333333,0.20833333333333334,0.16666666666666669,0.04166666666666666
42,2020/2021,160,2022/2023,1,Permanent,14.0,-0.375,-0.16666666666666666,0.125,0.11833333333333333,0.20833333333333334,-0.006666666666666668,0.21500000000000002
42,2023/2024,460,2023/2024,1,Permanent,21.0,0.43249999999999994,0.18499999999999997,-1.1225,-1.4033333333333333,-0.24749999999999997,-0.28083333333333327,0.0333333333333333
42,2023/2024,199,2019/2020,1,Permanent,21.0,0.43249999999999994,0.18499999999999997,-1.875,0.5714285714285714,-0.24749999999999997,2.446428571428571,-2.6939285714285712
83,2020/2021,371,2022/2023,2,Permanent,13.0,-0.7857142857142857,-0.8888888888888888,-0.8888888888888888,-0.16666666666666666,-0.10317460317460314,0.7222222222222222,-0.8253968253968254
83,2020/2021,433,2022/2023,2,Permanent,13.0,-0.7857142857142857,-0.8888888888888888,0.125,-0.9166666666666666,-0.10317460317460314,-1.0416666666666665,0.9384920634920634
268,2019/2020,238,2021/2022,1,Permanent,7.0,-0.6666666666666666,-0.25,-0.6666666666666666,-0.5833333333333334,0.41666666666666663,0.08333333333333326,0.33333333333333337
268,2024/2025,195,2022/2023,1,,18.0,0.44375000000000003,0.7916666666666666,-1.0,0.10749999999999994,0.3479166666666666,1.1075,-0.7595833333333333
450,2024/2025,215,2019/2020,1,,24.0,-0.5050000000000001,-0.8741666666666666,-0.75,-1.5833333333333333,-0.36916666666666653,-0.8333333333333333,0.4641666666666667
450,2024/2025,227,2022/2023,1,,24.0,-0.5050000000000001,-0.8741666666666666,-0.6425,-0.47833333333333333,-0.36916666666666653,0.16416666666666663,-0.5333333333333332
77,2019/2020,68,2022/2023,3,Permanent,21.0,1.125,1.0,0.5,0.1111111111111111,-0.125,-0.3888888888888889,0.2638888888888889
264,2020/2021,187,2020/2021,1,Permanent,28.0,0.125,-0.2,-1.5,-2.0,-0.325,-0.5,0.175
358,2020/2021,291,2024/2025,3,Permanent,15.0,-0.45454545454545453,0.25,0.0,0.0,0.7045454545454546,0.0,0.7045454545454546
358,2020/2021,101,2021/2022,3,Permanent,15.0,-0.45454545454545453,0.25,-0.125,0.3333333333333333,0.7045454545454546,0.4583333333333333,0.24621212121212127
358,2020/2021,109,2022/2023,3,Permanent,15.0,-0.45454545454545453,0.25,-0.5,-0.4166666666666667,0.7045454545454546,0.08333333333333331,0.6212121212121213
170,2019/2020,503,2024/2025,3,Permanent,22.0,-0.8888888888888888,-1.5,0.875,0.8181818181818182,-0.6111111111111112,-0.05681818181818177,-0.5542929292929294
170,2020/2021,72,2021/2022,3,Permanent,20.0,-0.875,-0.9,-0.75,-0.3,-0.025000000000000022,0.45,-0.47500000000000003
170,2020/2021,105,2020/2021,3,Permanent,20.0,-0.875,-0.9,-0.625,-0.1,-0.025000000000000022,0.525,-0.55
137,2019/2020,225,2024/2025,1,Permanent,18.0,-0.625,-1.375,-0.68125,-0.30833333333333335,-0.75,0.3729166666666667,-1.1229166666666668
137,2020/2021,278,2021/2022,1,Permanent,8.0,-1.4285714285714286,-1.3333333333333333,-0.2857142857142857,0.08333333333333333,0.09523809523809534,0.369047619047619,-0.27380952380952367
475,2023/2024,75,2020/2021,3,Permanent,13.0,-0.9090909090909091,-0.9166666666666666,-1.75,-1.0833333333333333,-0.007575757575757569,0.6666666666666667,-0.6742424242424243
475,2023/2024,73,2021/2022,3,Permanent,13.0,-0.9090909090909091,-0.9166666666666666,-1.4444444444444444,-0.5833333333333334,-0.007575757575757569,0.861111111111111,-0.8686868686868686
292,2019/2020,419,2022/2023,3,Permanent,7.0,-0.25,-0.5833333333333334,-1.0,-0.8333333333333334,-0.33333333333333337,0.16666666666666663,-0.5
292,2020/2021,96,2022/2023,3,Permanent,17.0,-1.375,-0.5555555555555556,0.125,0.3333333333333333,0.8194444444444444,0.20833333333333331,0.6111111111111112
217,2022/2023,470,2024/2025,1,Permanent,16.0,-0.5,-1.3366666666666667,-0.80375,-0.09666666666666668,-0.8366666666666667,0.7070833333333333,-1.54375
407,2022/2023,187,2019/2020,1,Permanent,12.0,-1.25,-0.6591666666666667,-0.375,-0.08333333333333333,0.5908333333333333,0.2916666666666667,0.29916666666666664
297,2019/2020,203,2021/2022,3,Interim,13.0,-0.18181818181818182,-0.6666666666666666,-0.25,-0.8333333333333334,-0.4848484848484848,-0.5833333333333334,0.09848484848484856
297,2019/2020,290,2024/2025,3,Interim,13.0,-0.18181818181818182,-0.6666666666666666,-0.1,1.25,-0.4848484848484848,1.35,-1.834848484848485
183,2021/2022,232,2024/2025,1,Permanent,19.0,0.5,0.75,1.02125,0.245,0.25,-0.77625,1.02625
269,2024/2025,164,2020/2021,1,Permanent,12.0,0.012499999999999983,0.5000000000000001,-0.375,-0.5,0.48750000000000016,-0.125,0.6125000000000002
193,2021/2022,244,2022/2023,1,Permanent,18.0,-1.25,-0.16666666666666666,-0.125,-0.5833333333333334,1.0833333333333333,-0.45833333333333337,1.5416666666666665
193,2024/2025,198,2024/2025,1,Permanent,15.0,-0.4275,-1.4841666666666666,-0.7975000000000001,-0.695,-1.0566666666666666,0.10250000000000015,-1.1591666666666667
84,2020/2021,14,2021/2022,2,Permanent,13.0,0.5714285714285714,-0.3333333333333333,1.125,0.08333333333333333,-0.9047619047619047,-1.0416666666666667,0.13690476190476208
260,2023/2024,118,2020/2021,2,Interim,24.0,-0.375,-0.4444444444444444,1.0,2.0,-0.06944444444444442,1.0,-1.0694444444444444
422,2023/2024,329,2021/2022,2,Interim,20.0,-0.5399999999999999,-0.0008333333333333434,0.875,-0.2,0.5391666666666666,-1.075,1.6141666666666665
422,2023/2024,301,2019/2020,2,Interim,20.0,-0.5399999999999999,-0.0008333333333333434,1.625,0.08333333333333333,0.5391666666666666,-1.5416666666666667,2.0808333333333335
129,2022/2023,131,2019/2020,1,Permanent,18.0,1.0,1.6666666666666667,0.375,-0.25,0.6666666666666667,-0.625,1.2916666666666667
129,2023/2024,44,2024/2025,1,Permanent,10.0,-0.37250000000000005,0.8508333333333334,0.37750000000000006,-0.4524999999999999,1.2233333333333336,-0.83,2.0533333333333337
129,2023/2024,201,2023/2024,1,Permanent,10.0,-0.37250000000000005,0.8508333333333334,-0.31375,0.0375,1.2233333333333336,0.35124999999999995,0.8720833333333337
301,2021/2022,111,2020/2021,2,Permanent,19.0,-0.375,0.9166666666666666,-0.875,-0.18181818181818182,1.2916666666666665,0.6931818181818181,0.5984848484848484
349,2024/2025,27,2022/2023,1,Permanent,17.0,-1.04125,-0.43999999999999995,-1.125,-0.9166666666666666,0.6012500000000001,0.20833333333333337,0.3929166666666667
349,2024/2025,417,2022/2023,1,Permanent,17.0,-1.04125,-0.43999999999999995,-0.375,-1.1858333333333333,0.6012500000000001,-0.8108333333333333,1.4120833333333334
421,2021/2022,126,2023/2024,2,Interim,23.0,-1.25,-0.08333333333333333,-0.5137499999999999,-0.5028571428571428,1.1666666666666667,0.010892857142857149,1.1557738095238097
308,2019/2020,477,2023/2024,2,Permanent,17.0,-0.875,0.5833333333333334,-0.47,-0.16083333333333327,1.4583333333333335,0.3091666666666667,1.149166666666667
308,2024/2025,9,2024/2025,2,Permanent,19.0,-0.5228571428571428,-0.1666666666666666,-0.30124999999999996,-0.1254545454545454,0.35619047619047617,0.17579545454545456,0.1803950216450216
284,2020/2021,98,2019/2020,3,Permanent,10.0,0.3125,0.5,-1.2857142857142858,-0.5,0.1875,0.7857142857142858,-0.5982142857142858
284,2023/2024,404,2024/2025,3,,10.0,0.0,0.6666666666666666,-0.101875,0.5316666666666666,0.6666666666666666,0.6335416666666667,0.03312499999999996
228,2019/2020,240,2019/2020,1,Permanent,18.0,-0.5,0.25,-0.125,0.0,0.75,0.125,0.625
285,2019/2020,79,2020/2021,3,Permanent,12.0,0.5,0.16666666666666666,2.625,1.75,-0.33333333333333337,-0.875,0.5416666666666666
285,2022/2023,70,2021/2022,3,Permanent,15.0,-0.3333333333333333,-0.2727272727272727,-0.625,0.16666666666666666,0.06060606060606061,0.7916666666666666,-0.731060606060606
285,2022/2023,378,2020/2021,3,Permanent,15.0,-0.3333333333333333,-0.2727272727272727,-0.4444444444444444,0.09090909090909091,0.06060606060606061,0.5353535353535354,-0.47474747474747475
285,2024/2025,71,2021/2022,3,,7.0,-0.3333333333333333,0.16666666666666666,-1.5,0.08333333333333333,0.5,1.5833333333333333,-1.0833333333333333
285,2024/2025,359,2023/2024,3,,7.0,-0.3333333333333333,0.16666666666666666,-0.3033333333333333,0.0514285714285714,0.5,0.35476190476190467,0.14523809523809533
216,2022/2023,140,2021/2022,1,Permanent,14.0,0.06875,-0.05583333333333327,-1.5,-0.5,-0.12458333333333327,1.0,-1.1245833333333333
507,2024/2025,504,2024/2025,3,,16.0,-0.2727272727272727,-0.4,0.0,-1.3333333333333333,-0.12727272727272732,-1.3333333333333333,1.206060606060606
507,2024/2025,208,2021/2022,3,,16.0,-0.2727272727272727,-0.4,-0.25,-0.08333333333333333,-0.12727272727272732,0.16666666666666669,-0.293939393939394
291,2019/2020,72,2023/2024,3,Permanent,12.0,0.5833333333333334,-0.6666666666666666,-0.39999999999999997,0.1575,-1.25,0.5575,-1.8075
291,2019/2020,476,2024/2025,3,Permanent,12.0,0.5833333333333334,-0.6666666666666666,-0.3333333333333333,-1.0833333333333333,-1.25,-0.75,-0.5
291,2021/2022,206,2020/2021,3,Permanent,11.0,-0.7692307692307693,-0.5833333333333334,-1.75,-0.6666666666666666,0.1858974358974359,1.0833333333333335,-0.8974358974358976
291,2021/2022,99,2023/2024,3,Permanent,11.0,-0.7692307692307693,-0.5833333333333334,-0.76875,-0.15333333333333327,0.1858974358974359,0.6154166666666667,-0.4295192307692308
291,2021/2022,203,2023/2024,3,Permanent,11.0,-0.7692307692307693,-0.5833333333333334,-0.875,-0.4166666666666667,0.1858974358974359,0.4583333333333333,-0.2724358974358974
56,2021/2022,92,2024/2025,2,Permanent,10.0,-0.25,0.6666666666666666,-0.503125,-0.9025,0.9166666666666666,-0.3993749999999999,1.3160416666666666
472,2024/2025,51,2019/2020,1,Interim,21.0,-0.21625,-0.9308333333333332,-0.875,-1.0833333333333333,-0.7145833333333331,-0.20833333333333326,-0.5062499999999999
472,2024/2025,39,2022/2023,1,Interim,21.0,-0.21625,-0.9308333333333332,-0.13624999999999998,-0.2816666666666667,-0.7145833333333331,-0.1454166666666667,-0.5691666666666664
234,2019/2020,283,2023/2024,1,Permanent,16.0,-1.375,-0.16666666666666666,-0.48250000000000004,-0.28583333333333333,1.2083333333333333,0.1966666666666667,1.0116666666666665
234,2021/2022,331,2024/2025,1,Permanent,17.0,-1.625,-1.0,-0.59375,-0.6608333333333333,0.625,-0.06708333333333327,0.6920833333333333
323,2021/2022,263,2022/2023,2,Permanent,25.0,1.25,0.45454545454545453,1.625,1.5,-0.7954545454545454,-0.125,-0.6704545454545454
323,2024/2025,309,2020/2021,2,Permanent,18.0,0.8075,0.7816666666666666,-0.8571428571428571,-1.0,-0.025833333333333375,-0.1428571428571429,0.11702380952380953
323,2024/2025,423,2021/2022,2,Permanent,18.0,0.8075,0.7816666666666666,0.875,-0.5,-0.025833333333333375,-1.375,1.3491666666666666
331,2021/2022,356,2020/2021,1,Permanent,7.0,-1.5,-0.6666666666666666,-0.3333333333333333,-0.8333333333333334,0.8333333333333334,-0.5,1.3333333333333335
302,2019/2020,58,2023/2024,2,Interim,19.0,0.5,0.8333333333333334,-0.125,-1.0,0.33333333333333337,-0.875,1.2083333333333335
302,2021/2022,426,2023/2024,2,Permanent,20.0,-0.625,0.5,0.15999999999999995,0.13699999999999993,1.125,-0.02300000000000002,1.1480000000000001
302,2023/2024,54,2022/2023,2,Permanent,17.0,0.009999999999999898,0.31249999999999994,0.7,1.6,0.30250000000000005,0.9000000000000001,-0.5975000000000001
302,2023/2024,54,2019/2020,2,Permanent,17.0,0.009999999999999898,0.31249999999999994,2.2,0.0,0.30250000000000005,-2.2,2.5025000000000004
302,2024/2025,117,2019/2020,2,,20.0,-0.19000000000000006,0.8809090909090908,0.25,-0.4,1.0709090909090908,-0.65,1.7209090909090907
302,2024/2025,312,2022/2023,2,,20.0,-0.19000000000000006,0.8809090909090908,0.0,0.08333333333333333,1.0709090909090908,0.08333333333333333,0.9875757575757574
243,2020/2021,148,2019/2020,1,Permanent,9.0,-0.625,-0.6666666666666666,0.0,-0.5,-0.04166666666666663,-0.5,0.45833333333333337
243,2020/2021,238,2024/2025,1,Permanent,9.0,-0.625,-0.6666666666666666,-0.027499999999999997,-0.24833333333333332,-0.04166666666666663,-0.22083333333333333,0.1791666666666667
243,2021/2022,142,2024/2025,1,Interim,12.0,-1.0,-0.08333333333333333,-1.08125,-0.06583333333333345,0.9166666666666666,1.0154166666666666,-0.09875
243,2023/2024,193,2019/2020,1,Permanent,14.0,-0.9925,-0.7858333333333333,0.125,-1.0,0.20666666666666678,-1.125,1.3316666666666668
243,2024/2025,232,2021/2022,1,Interim,20.0,-0.8725,-0.9075000000000001,-1.375,0.4166666666666667,-0.03500000000000003,1.7916666666666667,-1.8266666666666667
509,2024/2025,116,2024/2025,2,Permanent,22.0,-3.9650822308041306e-17,-0.09727272727272727,-0.22749999999999998,-0.76,-0.09727272727272723,-0.5325,0.43522727272727274
509,2024/2025,117,2022/2023,2,Permanent,22.0,-3.9650822308041306e-17,-0.09727272727272727,0.125,-0.625,-0.09727272727272723,-0.75,0.6527272727272728
38,2020/2021,34,2019/2020,1,Permanent,13.0,0.375,0.75,1.125,2.5833333333333335,0.375,1.4583333333333335,-1.0833333333333335
38,2024/2025,135,2023/2024,1,,20.0,-0.21374999999999997,1.2566666666666666,-1.3287499999999999,-0.4975,1.4704166666666665,0.8312499999999998,0.6391666666666667
38,2024/2025,219,2021/2022,1,,20.0,-0.21374999999999997,1.2566666666666666,0.125,-0.8333333333333334,1.4704166666666665,-0.9583333333333334,2.42875
272,2019/2020,362,2023/2024,1,Interim,22.0,-0.625,-1.5,-0.45125000000000004,-0.34333333333333343,-0.875,0.1079166666666666,-0.9829166666666667
272,2019/2020,409,2023/2024,1,Interim,22.0,-0.625,-1.5,0.0325,0.07750000000000007,-0.875,0.04500000000000007,-0.92
218,2022/2023,138,2023/2024,1,Permanent,6.0,0.6,-0.13916666666666666,1.2440000000000002,0.5016666666666668,-0.7391666666666666,-0.7423333333333334,0.003166666666666762
393,2021/2022,74,2020/2021,3,Permanent,19.0,-0.75,-0.3333333333333333,-1.0,0.4166666666666667,0.4166666666666667,1.4166666666666667,-1.0
393,2021/2022,69,2020/2021,3,Permanent,19.0,-0.75,-0.3333333333333333,-0.5,-1.5,0.4166666666666667,-1.0,1.4166666666666667
85,2019/2020,306,2021/2022,2,Permanent,10.0,0.25,0.5833333333333334,0.375,0.3333333333333333,0.33333333333333337,-0.041666666666666685,0.37500000000000006
85,2024/2025,57,2022/2023,2,Permanent,17.0,-0.01599999999999997,-0.03600000000000003,0.3,-1.4,-0.020000000000000063,-1.7,1.68
208,2020/2021,105,2023/2024,3,Permanent,21.0,0.375,-0.16666666666666666,-0.59125,-0.017500000000000005,-0.5416666666666666,0.5737500000000001,-1.1154166666666667
208,2020/2021,296,2023/2024,3,Permanent,21.0,0.375,-0.16666666666666666,-1.375,-1.4,-0.5416666666666666,-0.02499999999999991,-0.5166666666666667
380,2020/2021,13,2022/2023,2,Interim,13.0,-1.5,0.09090909090909091,-1.375,-1.8333333333333333,1.5909090909090908,-0.45833333333333326,2.049242424242424
150,2019/2020,277,2022/2023,1,Permanent,12.0,-1.375,-0.25,-0.75,-0.9075000000000002,1.125,-0.1575000000000002,1.2825000000000002
241,2021/2022,283,2024/2025,1,Permanent,14.0,-0.75,0.4166666666666667,-0.76875,-0.7408333333333333,1.1666666666666667,0.0279166666666667,1.13875
241,2022/2023,273,2023/2024,1,Permanent,22.0,-1.5,-1.3333333333333333,-0.4225,-0.2758333333333333,0.16666666666666674,0.14666666666666667,0.020000000000000073
447,2024/2025,199,2020/2021,1,Permanent,6.0,-0.852,-0.44333333333333336,0.2,-2.25,0.4086666666666666,-2.45,2.8586666666666667
167,2020/2021,68,2021/2022,3,Permanent,10.0,0.5625,0.9166666666666666,1.0833333333333333,1.3333333333333333,0.35416666666666663,0.25,0.10416666666666663
167,2020/2021,106,2022/2023,3,Permanent,10.0,0.5625,0.9166666666666666,0.0,0.5833333333333334,0.35416666666666663,0.5833333333333334,-0.22916666666666674
167,2021/2022,76,2021/2022,3,Permanent,7.0,0.75,1.1333333333333333,0.36363636363636365,1.1666666666666667,0.3833333333333333,0.8030303030303031,-0.4196969696969698
167,2023/2024,293,2023/2024,3,,10.0,0.648125,0.3933333333333333,0.8125,2.6666666666666665,-0.25479166666666664,1.8541666666666665,-2.1089583333333333
167,2023/2024,105,2024/2025,3,,10.0,0.648125,0.3933333333333333,0.04749999999999993,-0.08333333333333337,-0.25479166666666664,-0.1308333333333333,-0.12395833333333334
181,2022/2023,219,2023/2024,1,Interim,21.0,-1.5,0.0,-0.6587500000000001,-0.5983333333333333,1.5,0.060416666666666785,1.4395833333333332
181,2022/2023,378,2023/2024,3,Interim,21.0,-1.5,0.0,-1.375,-0.2,1.5,1.175,0.32499999999999996
181,2022/2023,69,2019/2020,3,Interim,21.0,-1.5,0.0,-1.25,-1.1111111111111112,1.5,0.13888888888888884,1.3611111111111112
172,2019/2020,403,2023/2024,3,Interim,10.0,0.4,0.4166666666666667,-0.5399999999999999,-0.008333333333333304,0.016666666666666663,0.5316666666666666,-0.5149999999999999
172,2019/2020,66,2020/2021,3,Interim,10.0,0.4,0.4166666666666667,0.5,0.4166666666666667,0.016666666666666663,-0.08333333333333331,0.09999999999999998
172,2020/2021,171,2024/2025,3,Permanent,22.0,0.125,0.625,-0.08875,-0.08874999999999997,0.5,2.7755575615628914e-17,0.5
172,2020/2021,107,2023/2024,3,Permanent,22.0,0.125,0.625,0.5812499999999999,0.20500000000000004,0.5,-0.37624999999999986,0.8762499999999999
273,2020/2021,155,2024/2025,1,Permanent,23.0,-1.25,0.16666666666666666,-1.6653345369377348e-16,0.19333333333333327,1.4166666666666667,0.19333333333333344,1.2233333333333334
446,2023/2024,271,2020/2021,1,Permanent,21.0,-0.69125,-0.2725,-0.5,-0.16666666666666666,0.41875,0.33333333333333337,0.08541666666666664
305,2020/2021,15,2019/2020,2,Interim,19.0,-0.75,0.0,-0.875,0.8181818181818182,0.75,1.6931818181818183,-0.9431818181818183
147,2023/2024,143,2024/2025,1,,28.0,-0.50625,0.32500000000000007,0.16999999999999998,-0.71,0.83125,-0.8799999999999999,1.71125
20,2019/2020,279,2019/2020,1,Permanent,10.0,-1.375,-0.75,-1.0,-1.0,0.625,0.0,0.625
20,2024/2025,281,2020/2021,1,Permanent,17.0,-0.3212499999999999,0.0425,-0.25,0.0,0.3637499999999999,0.25,0.1137499999999999
21,2022/2023,183,2022/2023,1,Interim,18.0,0.625,-0.08333333333333333,0.75,0.8408333333333334,-0.7083333333333334,0.09083333333333343,-0.7991666666666668
21,2024/2025,241,2024/2025,1,,10.0,1.19875,1.0766666666666667,0.5375,0.04750000000000002,-0.12208333333333332,-0.48999999999999994,0.3679166666666666
220,2022/2023,365,2023/2024,1,Permanent,28.0,-0.86875,0.59,-0.425,-0.11800000000000004,1.45875,0.30699999999999994,1.15175
220,2023/2024,355,2023/2024,1,,25.0,-0.7412499999999999,0.36166666666666664,-0.48625,0.23916666666666664,1.1029166666666665,0.7254166666666666,0.37749999999999995
220,2023/2024,159,2024/2025,1,,25.0,-0.7412499999999999,0.36166666666666664,-0.5449999999999999,-0.1358333333333334,1.1029166666666665,0.40916666666666657,0.69375
212,2021/2022,165,2020/2021,3,Permanent,12.0,-0.375,-0.25,-0.5,-0.75,0.125,-0.25,0.375
212,2022/2023,402,2021/2022,3,Permanent,8.0,-0.42857142857142855,0.75,0.42857142857142855,-0.6923076923076923,1.1785714285714286,-1.120879120879121,2.2994505494505493
212,2022/2023,80,2020/2021,3,Permanent,8.0,-0.42857142857142855,0.75,-0.14285714285714285,-0.75,1.1785714285714286,-0.6071428571428572,1.7857142857142858
212,2024/2025,101,2023/2024,3,,13.0,-1.375,-0.16666666666666666,0.6675,0.31500000000000006,1.2083333333333333,-0.3524999999999999,1.560833333333333
212,2024/2025,97,2021/2022,3,,13.0,-1.375,-0.16666666666666666,0.875,-0.4166666666666667,1.2083333333333333,-1.2916666666666667,2.5
212,2024/2025,205,2022/2023,3,,13.0,-1.375,-0.16666666666666666,0.375,0.0,1.2083333333333333,-0.375,1.5833333333333333
299,2019/2020,257,2021/2022,2,Permanent,22.0,-0.875,-0.6666666666666666,0.25,-0.09090909090909091,0.20833333333333337,-0.34090909090909094,0.5492424242424243
299,2020/2021,122,2019/2020,2,Interim,21.0,-0.875,-0.5454545454545454,-1.0,0.3333333333333333,0.3295454545454546,1.3333333333333333,-1.0037878787878787
157,2020/2021,280,2024/2025,1,Permanent,18.0,-0.25,-1.3333333333333333,-0.48,-0.5816666666666668,-1.0833333333333333,-0.1016666666666668,-0.9816666666666665
242,2019/2020,451,2022/2023,1,,11.0,-1.75,-0.6666666666666666,-1.25,-0.9050000000000001,1.0833333333333335,0.34499999999999986,0.7383333333333336
209,2024/2025,105,2019/2020,3,Permanent,21.0,0.25,-0.5,1.0,-0.4444444444444444,-0.75,-1.4444444444444444,0.6944444444444444
405,2022/2023,133,2019/2020,1,Permanent,15.0,-0.125,-1.3866666666666667,-0.875,-0.6363636363636364,-1.2616666666666667,0.23863636363636365,-1.5003030303030305
357,2020/2021,152,2020/2021,1,Permanent,23.0,-0.75,-0.5,0.25,-0.08333333333333333,0.25,-0.3333333333333333,0.5833333333333333
357,2021/2022,217,2019/2020,1,Permanent,15.0,-0.75,-0.08333333333333333,-0.375,-1.1666666666666667,0.6666666666666666,-0.7916666666666667,1.4583333333333335
357,2021/2022,367,2020/2021,1,Permanent,15.0,-0.75,-0.08333333333333333,-1.375,-1.3333333333333333,0.6666666666666666,0.04166666666666674,0.6249999999999999
357,2022/2023,273,2021/2022,1,Permanent,26.0,-0.6,-0.2658333333333333,-0.5,-1.0833333333333333,0.33416666666666667,-0.5833333333333333,0.9175
357,2022/2023,365,2020/2021,1,Permanent,26.0,-0.6,-0.2658333333333333,-0.125,-1.25,0.33416666666666667,-1.125,1.4591666666666667
357,2022/2023,230,2024/2025,1,Permanent,26.0,-0.6,-0.2658333333333333,-0.9125,-1.1824999999999999,0.33416666666666667,-0.2699999999999999,0.6041666666666665
357,2022/2023,149,2023/2024,1,Permanent,26.0,-0.6,-0.2658333333333333,0.03874999999999999,-0.8691666666666666,0.33416666666666667,-0.9079166666666666,1.2420833333333332
81,2019/2020,345,2020/2021,2,Permanent,14.0,-0.6666666666666666,-0.75,-1.5,-2.0,-0.08333333333333337,-0.5,0.41666666666666663
221,2019/2020,505,2024/2025,1,Permanent,18.0,-0.5,0.0,-0.6975,-0.8874999999999998,0.5,-0.18999999999999984,0.6899999999999998
221,2021/2022,264,2019/2020,1,Permanent,23.0,-0.375,-0.6666666666666666,-0.5,0.5,-0.29166666666666663,1.0,-1.2916666666666665
221,2021/2022,266,2019/2020,1,Permanent,23.0,-0.375,-0.6666666666666666,-0.25,0.5833333333333334,-0.29166666666666663,0.8333333333333334,-1.125
221,2022/2023,223,2020/2021,1,Permanent,21.0,-0.875,-0.5741666666666666,-0.625,-1.3333333333333333,0.3008333333333334,-0.7083333333333333,1.0091666666666668
221,2022/2023,223,2023/2024,1,Permanent,21.0,-0.875,-0.5741666666666666,-0.8699999999999999,-0.8441666666666667,0.3008333333333334,0.025833333333333153,0.27500000000000024
221,2024/2025,487,2024/2025,1,Permanent,20.0,-0.39249999999999996,0.32249999999999995,-0.7925,-0.7041666666666667,0.7149999999999999,0.08833333333333326,0.6266666666666666
370,2023/2024,185,2022/2023,1,Permanent,11.0,-0.03375,0.14750000000000005,-1.625,-1.1758333333333333,0.18125000000000005,0.4491666666666667,-0.2679166666666667
370,2024/2025,198,2022/2023,1,Permanent,9.0,-1.2425,0.12166666666666669,-0.375,0.1416666666666667,1.3641666666666665,0.5166666666666667,0.8474999999999998
67,2022/2023,207,2020/2021,3,Permanent,11.0,0.1427272727272727,0.08333333333333333,-0.25,0.0,-0.059393939393939374,0.25,-0.3093939393939394
146,2021/2022,197,2023/2024,1,Permanent,13.0,0.125,0.75,-0.665,-0.5541666666666667,0.625,0.11083333333333334,0.5141666666666667
317,2020/2021,300,2023/2024,2,Permanent,27.0,-0.375,0.7777777777777778,1.3975,0.9854545454545455,1.1527777777777777,-0.4120454545454545,1.5648232323232323
317,2021/2022,304,2022/2023,2,Permanent,22.0,0.375,0.4166666666666667,-0.42857142857142855,-0.2727272727272727,0.041666666666666685,0.15584415584415584,-0.11417748917748916
317,2022/2023,91,2022/2023,2,Interim,19.0,-0.25,0.3333333333333333,-0.625,0.0,0.5833333333333333,0.625,-0.04166666666666674
317,2023/2024,57,2024/2025,2,Permanent,12.0,0.010000000000000142,-0.1825,-0.6666666666666666,-0.5,-0.19250000000000014,0.16666666666666663,-0.35916666666666675
317,2023/2024,319,2019/2020,2,Permanent,12.0,0.010000000000000142,-0.1825,-0.125,-0.16666666666666666,-0.19250000000000014,-0.04166666666666666,-0.15083333333333349
169,2022/2023,206,2023/2024,3,Interim,9.0,0.12937500000000002,-1.4166666666666667,-0.125,-1.3333333333333333,-1.5460416666666668,-1.2083333333333333,-0.3377083333333335
169,2022/2023,286,2021/2022,3,Interim,9.0,0.12937500000000002,-1.4166666666666667,-0.3333333333333333,-0.6666666666666666,-1.5460416666666668,-0.3333333333333333,-1.2127083333333335
169,2022/2023,443,2024/2025,3,Interim,9.0,0.12937500000000002,-1.4166666666666667,-0.75,-0.4166666666666667,-1.5460416666666668,0.3333333333333333,-1.879375
169,2024/2025,101,2022/2023,3,Permanent,21.0,-0.565,0.26,0.0,0.8333333333333334,0.825,0.8333333333333334,-0.008333333333333415
86,2020/2021,3,2020/2021,2,Permanent,10.0,0.0625,0.5,-0.5,-0.3333333333333333,0.4375,0.16666666666666669,0.2708333333333333
86,2020/2021,259,2019/2020,2,Permanent,10.0,0.0625,0.5,-0.25,-0.75,0.4375,-0.5,0.9375
86,2022/2023,384,2021/2022,2,,10.0,0.25,1.9166666666666667,0.75,-1.3333333333333333,1.6666666666666667,-2.083333333333333,3.75
416,2023/2024,362,2021/2022,1,Permanent,20.0,-0.6949999999999998,-0.3833333333333333,-1.75,-0.16666666666666666,0.31166666666666654,1.5833333333333333,-1.2716666666666667
238,2020/2021,230,2021/2022,1,Permanent,22.0,-0.5,0.75,0.375,-0.25,1.25,-0.625,1.875
80,2019/2020,207,2024/2025,3,Permanent,12.0,-0.625,-0.6666666666666666,-0.625,-0.08333333333333333,-0.04166666666666663,0.5416666666666666,-0.5833333333333333
80,2022/2023,288,2022/2023,3,Permanent,16.0,-0.875,-0.5,1.0,2.2,0.375,1.2000000000000002,-0.8250000000000002
186,2021/2022,228,2020/2021,1,Permanent,24.0,-1.75,-1.3333333333333333,1.0,0.5,0.41666666666666674,-0.5,0.9166666666666667
186,2021/2022,277,2019/2020,1,Permanent,24.0,-1.75,-1.3333333333333333,0.0,0.25,0.41666666666666674,0.25,0.16666666666666674
131,2022/2023,235,2020/2021,1,Permanent,14.0,-0.75,-1.25,-0.625,0.5,-0.5,1.125,-1.625
171,2019/2020,172,2021/2022,3,Permanent,14.0,0.06666666666666667,-0.25,1.5384615384615385,0.25,-0.31666666666666665,-1.2884615384615385,0.9717948717948719
171,2019/2020,68,2019/2020,3,Permanent,14.0,0.06666666666666667,-0.25,1.5,1.5833333333333333,-0.31666666666666665,0.08333333333333326,-0.3999999999999999
390,2023/2024,171,2020/2021,3,,22.0,-0.2525,0.12375,-0.75,-0.125,0.37625,0.625,-0.24875000000000003
382,2021/2022,121,2022/2023,2,Permanent,19.0,-1.125,-0.6666666666666666,-1.625,0.6363636363636364,0.45833333333333337,2.2613636363636362,-1.8030303030303028
324,2021/2022,8,2020/2021,2,,6.0,-0.4,0.25,-1.0,0.3333333333333333,0.65,1.3333333333333333,-0.6833333333333332
319,2021/2022,306,2022/2023,2,Permanent,18.0,-0.875,-0.25,-0.125,0.3333333333333333,0.625,0.4583333333333333,0.16666666666666669
82,2019/2020,56,2024/2025,2,Permanent,16.0,0.8181818181818182,1.0,0.7272727272727273,0.8333333333333334,0.18181818181818177,0.10606060606060608,0.07575757575757569
198,2020/2021,409,2024/2025,1,Permanent,24.0,-0.75,0.5,-0.044999999999999984,0.24249999999999994,1.25,0.2874999999999999,0.9625000000000001
198,2020/2021,40,2021/2022,1,Permanent,24.0,-0.75,0.5,-0.75,-0.2,1.25,0.55,0.7
240,2021/2022,369,2024/2025,1,Permanent,14.0,-0.75,0.08333333333333333,-0.3175,-0.5575,0.8333333333333334,-0.24,1.0733333333333333
240,2022/2023,278,2022/2023,1,Permanent,14.0,-1.25,-0.16666666666666666,-0.25,-0.4516666666666666,1.0833333333333333,-0.2016666666666666,1.285
240,2022/2023,229,2022/2023,1,Permanent,14.0,-1.25,-0.16666666666666666,0.9775,0.15333333333333335,1.0833333333333333,-0.8241666666666667,1.9075
237,2024/2025,32,2019/2020,1,Permanent,19.0,0.25875000000000004,0.06333333333333337,1.25,0.9,-0.19541666666666668,-0.35,0.1545833333333333
237,2024/2025,46,2020/2021,1,Permanent,19.0,0.25875000000000004,0.06333333333333337,0.25,0.9166666666666666,-0.19541666666666668,0.6666666666666666,-0.8620833333333333
53,2023/2024,66,2022/2023,3,Interim,10.0,0.25,0.5,-0.28166666666666657,-0.5833333333333334,0.25,-0.3016666666666668,0.5516666666666667
41,2020/2021,275,2023/2024,1,Permanent,23.0,-1.25,-1.4545454545454546,0.39499999999999996,-0.4475,-0.20454545454545459,-0.8425,0.6379545454545454
41,2020/2021,215,2021/2022,1,Permanent,23.0,-1.25,-1.4545454545454546,-2.25,-1.4166666666666667,-0.20454545454545459,0.8333333333333333,-1.0378787878787878
41,2020/2021,35,2022/2023,1,Permanent,23.0,-1.25,-1.4545454545454546,-0.31500000000000006,-0.9009090909090909,-0.20454545454545459,-0.5859090909090908,0.38136363636363624
41,2022/2023,250,2023/2024,1,Permanent,11.0,-1.5,-0.42416666666666675,-0.35875,0.1383333333333333,1.0758333333333332,0.4970833333333333,0.5787499999999999
41,2022/2023,335,2021/2022,1,Permanent,11.0,-1.5,-0.42416666666666675,-0.5,-0.9166666666666666,1.0758333333333332,-0.41666666666666663,1.4924999999999997
318,2019/2020,255,2022/2023,2,Permanent,18.0,-1.5,-0.5,-0.125,-0.5,1.0,-0.375,1.375
318,2019/2020,89,2022/2023,2,Permanent,18.0,-1.5,-0.5,0.3333333333333333,-2.25,1.0,-2.5833333333333335,3.5833333333333335
318,2019/2020,319,2022/2023,2,Permanent,18.0,-1.5,-0.5,-0.125,0.5833333333333334,1.0,0.7083333333333334,0.29166666666666663
318,2020/2021,257,2022/2023,2,Permanent,25.0,-0.375,0.0,-0.5,-0.75,0.375,-0.25,0.625
318,2020/2021,306,2024/2025,2,Permanent,25.0,-0.375,0.0,-0.5528571428571428,-0.3854545454545455,0.375,0.16740259740259733,0.20759740259740267
318,2020/2021,396,2022/2023,2,Permanent,25.0,-0.375,0.0,-1.75,-0.2,0.375,1.55,-1.175
318,2022/2023,319,2020/2021,2,Interim,23.0,-1.625,-1.1666666666666667,0.625,0.08333333333333333,0.45833333333333326,-0.5416666666666666,0.9999999999999999
318,2022/2023,321,2019/2020,2,Interim,23.0,-1.625,-1.1666666666666667,-0.875,0.08333333333333333,0.45833333333333326,0.9583333333333334,-0.5000000000000001
438,2022/2023,443,2022/2023,3,Interim,17.0,0.2,0.4166666666666667,0.375,0.75,0.21666666666666667,0.375,-0.15833333333333333
438,2023/2024,175,2020/2021,3,Interim,12.0,0.7393333333333333,-0.2591666666666667,-0.21428571428571427,0.0,-0.9984999999999999,0.21428571428571427,-1.2127857142857141
438,2023/2024,167,2019/2020,3,Interim,12.0,0.7393333333333333,-0.2591666666666667,1.6,1.25,-0.9984999999999999,-0.3500000000000001,-0.6484999999999999
438,2023/2024,70,2022/2023,3,Interim,12.0,0.7393333333333333,-0.2591666666666667,0.4,0.75,-0.9984999999999999,0.35,-1.3485
144,2022/2023,21,2023/2024,1,Permanent,14.0,0.0,-0.08333333333333333,0.5023076923076922,1.769166666666667,-0.08333333333333333,1.2668589743589749,-1.3501923076923081
178,2020/2021,205,2020/2021,3,Permanent,11.0,0.5333333333333333,-0.3333333333333333,-1.5,0.6666666666666666,-0.8666666666666667,2.1666666666666665,-3.033333333333333
410,2023/2024,283,2019/2020,1,Permanent,14.0,-0.26249999999999996,-0.73,-0.625,-1.0833333333333333,-0.4675,-0.45833333333333326,-0.009166666666666767
351,2023/2024,28,2019/2020,1,Permanent,16.0,-0.41374999999999995,-1.4991666666666665,-0.125,-0.75,-1.0854166666666667,-0.625,-0.4604166666666667
351,2023/2024,150,2024/2025,1,Permanent,16.0,-0.41374999999999995,-1.4991666666666665,-0.8737499999999998,-0.8733333333333334,-1.0854166666666667,0.00041666666666639873,-1.085833333333333
165,2023/2024,98,2023/2024,3,Interim,9.0,-0.29,0.23749999999999993,-1.0,-1.2016666666666669,0.5274999999999999,-0.20166666666666688,0.7291666666666667
455,2024/2025,112,2020/2021,2,Permanent,18.0,-0.7887500000000001,-0.7458333333333332,-1.625,-0.16666666666666666,0.042916666666666825,1.4583333333333333,-1.4154166666666663
325,2020/2021,93,2022/2023,2,Permanent,14.0,0.5,-0.4166666666666667,0.23076923076923078,0.5,-0.9166666666666667,0.2692307692307692,-1.185897435897436
325,2022/2023,6,2019/2020,2,Permanent,10.0,-1.125,0.16666666666666666,0.125,-1.25,1.2916666666666667,-1.375,2.666666666666667
325,2022/2023,94,2019/2020,2,Permanent,10.0,-1.125,0.16666666666666666,-0.3076923076923077,-0.8333333333333334,1.2916666666666667,-0.5256410256410257,1.8173076923076925
174,2019/2020,202,2020/2021,3,Permanent,6.0,-0.3,0.4,0.0,-0.08333333333333333,0.7,-0.08333333333333333,0.7833333333333333
174,2020/2021,165,2022/2023,3,Permanent,10.0,0.75,0.8333333333333334,0.08187500000000003,0.16666666666666666,0.08333333333333337,0.08479166666666663,-0.001458333333333256
174,2022/2023,95,2019/2020,3,,10.0,0.026874999999999982,1.25,-0.21428571428571427,-0.5833333333333334,1.223125,-0.36904761904761907,1.592172619047619
174,2022/2023,65,2024/2025,3,,10.0,0.026874999999999982,1.25,-0.31875,0.515,1.223125,0.83375,0.389375
174,2022/2023,298,2020/2021,3,,10.0,0.026874999999999982,1.25,-0.42857142857142855,0.0,1.223125,0.42857142857142855,0.7945535714285714
483,2024/2025,220,2024/2025,1,,10.0,-0.424375,-0.7816666666666666,-0.33625,0.14166666666666672,-0.3572916666666666,0.4779166666666667,-0.8352083333333333
74,2023/2024,173,2020/2021,3,Permanent,19.0,0.04875000000000007,0.09272727272727271,-0.125,0.0,0.04397727272727264,0.125,-0.08102272727272736
340,2022/2023,296,2022/2023,3,Permanent,8.0,-0.6900000000000001,-0.6666666666666666,-0.7857142857142857,-1.5,0.023333333333333428,-0.7142857142857143,0.7376190476190477
340,2024/2025,286,2023/2024,3,,13.0,-0.8955555555555557,-0.87,-1.2857142857142858,0.16666666666666666,0.025555555555555665,1.4523809523809526,-1.426825396825397
340,2024/2025,65,2019/2020,3,,13.0,-0.8955555555555557,-0.87,-0.75,-0.25,0.025555555555555665,0.5,-0.47444444444444434
379,2023/2024,255,2019/2020,2,Permanent,15.0,0.10250000000000001,-0.3916666666666666,-0.875,0.8333333333333334,-0.49416666666666664,1.7083333333333335,-2.2025
315,2021/2022,383,2021/2022,2,Permanent,20.0,0.75,1.1666666666666667,-0.375,-0.1,0.41666666666666674,0.275,0.14166666666666672
315,2021/2022,257,2020/2021,2,Permanent,20.0,0.75,1.1666666666666667,-2.125,-0.5,0.41666666666666674,1.625,-1.2083333333333333
213,2021/2022,100,2019/2020,3,Permanent,16.0,1.625,0.75,0.375,0.8333333333333334,-0.875,0.45833333333333337,-1.3333333333333335
213,2023/2024,110,2022/2023,3,Interim,6.0,1.8,1.0,2.4,-0.75,-0.8,-3.15,2.3499999999999996
213,2024/2025,290,2020/2021,3,Permanent,17.0,0.25,1.3333333333333333,0.3,0.1111111111111111,1.0833333333333333,-0.18888888888888888,1.2722222222222221
139,2019/2020,278,2020/2021,1,Permanent,11.0,0.125,1.3636363636363635,0.625,-0.5,1.2386363636363635,-1.125,2.3636363636363633
139,2024/2025,30,2024/2025,1,Permanent,22.0,0.44499999999999995,0.6241666666666668,-0.51125,-0.75375,0.1791666666666668,-0.24250000000000005,0.42166666666666686
140,2020/2021,36,2023/2024,1,Interim,10.0,-1.375,0.5833333333333334,-0.9375,-1.13,1.9583333333333335,-0.1924999999999999,2.1508333333333334
140,2020/2021,148,2020/2021,1,Interim,10.0,-1.375,0.5833333333333334,-0.375,-0.3333333333333333,1.9583333333333335,0.041666666666666685,1.9166666666666667
140,2022/2023,281,2023/2024,1,Permanent,6.0,-1.8,0.0,0.03200000000000003,-0.13416666666666668,1.8,-0.1661666666666667,1.9661666666666668
411,2022/2023,163,2024/2025,1,Permanent,21.0,-0.75,-0.6666666666666666,-0.18249999999999997,-0.40333333333333327,0.08333333333333337,-0.2208333333333333,0.3041666666666667
177,2019/2020,206,2021/2022,3,Permanent,10.0,-0.125,-0.25,-0.75,0.08333333333333333,-0.125,0.8333333333333334,-0.9583333333333334
177,2020/2021,476,2023/2024,3,Permanent,20.0,-0.625,-0.3,-0.5,-1.3333333333333333,0.325,-0.8333333333333333,1.1583333333333332
303,2019/2020,88,2022/2023,2,Permanent,9.0,0.0,-0.5833333333333334,-0.875,-0.46153846153846156,-0.5833333333333334,0.41346153846153844,-0.9967948717948718
303,2020/2021,481,2024/2025,2,Interim,22.0,-1.5,-0.36363636363636365,-0.3524999999999999,-0.32749999999999996,1.1363636363636362,0.024999999999999967,1.1113636363636363
303,2020/2021,455,2023/2024,2,Interim,22.0,-1.5,-0.36363636363636365,-0.32625000000000004,-0.40545454545454546,1.1363636363636362,-0.07920454545454542,1.2155681818181816
274,2019/2020,418,2024/2025,1,Permanent,17.0,-0.375,-0.25,-0.44499999999999995,-0.7291666666666665,0.125,-0.28416666666666657,0.40916666666666657
274,2019/2020,19,2019/2020,1,Permanent,17.0,-0.375,-0.25,-0.5,0.25,0.125,0.75,-0.625
239,2020/2021,184,2019/2020,1,Permanent,7.0,-0.5,-0.5833333333333334,-0.3333333333333333,-0.9166666666666666,-0.08333333333333337,-0.5833333333333333,0.4999999999999999
239,2022/2023,244,2020/2021,1,Permanent,13.0,-1.0,0.4166666666666667,-0.125,-1.1666666666666667,1.4166666666666667,-1.0416666666666667,2.4583333333333335
239,2022/2023,377,2021/2022,1,Permanent,13.0,-1.0,0.4166666666666667,-1.0,-0.25,1.4166666666666667,0.75,0.6666666666666667
109,2019/2020,66,2023/2024,3,Permanent,7.0,0.5833333333333334,-0.5833333333333334,-0.5645454545454546,0.15499999999999994,-1.1666666666666667,0.7195454545454545,-1.8862121212121212
109,2023/2024,65,2023/2024,3,,19.0,0.77375,-0.1791666666666667,-0.84375,-0.023636363636363657,-0.9529166666666667,0.8201136363636363,-1.773030303030303
149,2021/2022,375,2020/2021,1,Interim,27.0,-1.25,-0.18181818181818182,-2.0,-0.9090909090909091,1.0681818181818181,1.0909090909090908,-0.022727272727272707
424,2024/2025,463,2023/2024,2,Permanent,14.0,-0.3324999999999999,-0.4458333333333333,-1.0746153846153845,-0.425,-0.1133333333333334,0.6496153846153845,-0.7629487179487179
381,2022/2023,55,2021/2022,2,Permanent,7.0,-0.8,-0.8333333333333334,0.0,-0.6,-0.033333333333333326,-0.6,0.5666666666666667
381,2024/2025,345,2023/2024,2,,19.0,-0.3600000000000001,-1.5063636363636363,-0.655,-0.6445454545454545,-1.1463636363636363,0.010454545454545494,-1.1568181818181817
381,2024/2025,60,2021/2022,2,,19.0,-0.3600000000000001,-1.5063636363636363,-1.25,-2.6666666666666665,-1.1463636363636363,-1.4166666666666665,0.27030303030303027
261,2019/2020,338,2024/2025,2,Permanent,17.0,-1.0,-0.6666666666666666,-1.8,-0.2,0.33333333333333337,1.6,-1.2666666666666666
3,2019/2020,304,2021/2022,2,Permanent,22.0,-1.375,-0.625,0.375,-0.75,0.75,-1.125,1.875
142,2023/2024,143,2021/2022,1,Permanent,16.0,-0.53125,-0.8091666666666667,-0.5,-0.6666666666666666,-0.2779166666666667,-0.16666666666666663,-0.11125000000000007
35,2019/2020,416,2024/2025,1,Permanent,25.0,-1.125,0.5555555555555556,-0.34249999999999997,-0.44,1.6805555555555556,-0.09750000000000003,1.7780555555555555
35,2019/2020,234,2020/2021,1,Permanent,25.0,-1.125,0.5555555555555556,-0.125,-0.1111111111111111,1.6805555555555556,0.013888888888888895,1.6666666666666667
35,2019/2020,334,2020/2021,1,Permanent,25.0,-1.125,0.5555555555555556,-1.375,-0.2222222222222222,1.6805555555555556,1.1527777777777777,0.5277777777777779
254,2019/2020,1,2023/2024,2,Interim,13.0,-0.25,-0.08333333333333333,-0.625,-0.15749999999999997,0.16666666666666669,0.4675,-0.30083333333333334
254,2021/2022,302,2022/2023,2,Interim,14.0,-1.0,-0.25,0.125,1.0909090909090908,0.75,0.9659090909090908,-0.21590909090909083
4,2020/2021,87,2020/2021,2,Permanent,19.0,-0.625,0.45454545454545453,-0.875,1.3333333333333333,1.0795454545454546,2.208333333333333,-1.1287878787878785
5,2022/2023,126,2021/2022,2,Permanent,17.0,-1.25,0.08333333333333333,-1.25,-0.75,1.3333333333333333,0.5,0.8333333333333333
5,2022/2023,258,2021/2022,2,Permanent,17.0,-1.25,0.08333333333333333,-1.0,-0.75,1.3333333333333333,0.25,1.0833333333333333
453,2023/2024,479,2024/2025,2,,20.0,-0.9475,-0.6158333333333333,-1.03375,0.13416666666666666,0.33166666666666667,1.1679166666666667,-0.83625
453,2023/2024,13,2019/2020,2,,20.0,-0.9475,-0.6158333333333333,-0.75,-0.6,0.33166666666666667,0.15000000000000002,0.18166666666666664
96,2019/2020,209,2023/2024,3,Permanent,20.0,0.25,-0.3,-0.5,-0.16666666666666666,-0.55,0.33333333333333337,-0.8833333333333334
96,2020/2021,99,2024/2025,3,Permanent,21.0,-0.5,-0.2222222222222222,-0.2900000000000001,0.4641666666666666,0.2777777777777778,0.7541666666666667,-0.47638888888888886
32,2020/2021,154,2020/2021,1,Permanent,14.0,0.5555555555555556,0.75,1.5,0.5,0.19444444444444442,-1.0,1.1944444444444444
32,2024/2025,229,2023/2024,1,Interim,22.0,-0.07624999999999997,0.13999999999999993,0.4099999999999999,0.3191666666666667,0.2162499999999999,-0.09083333333333321,0.3070833333333331
28,2022/2023,238,2022/2023,1,Permanent,17.0,-0.875,-0.5,-0.5,0.25,0.375,0.75,-0.375
28,2022/2023,388,2022/2023,1,Permanent,17.0,-0.875,-0.5,-0.43,-0.5241666666666666,0.375,-0.09416666666666657,0.46916666666666657
28,2022/2023,224,2020/2021,1,Permanent,17.0,-0.875,-0.5,0.25,-1.6666666666666667,0.375,-1.9166666666666667,2.291666666666667
18,2019/2020,219,2019/2020,1,Permanent,15.0,0.0,0.16666666666666666,-0.125,-0.25,0.16666666666666666,-0.125,0.29166666666666663
18,2019/2020,365,2024/2025,1,Permanent,15.0,0.0,0.16666666666666666,0.2975,0.42500000000000004,0.16666666666666666,0.12750000000000006,0.0391666666666666
18,2020/2021,38,2022/2023,1,Permanent,11.0,0.5,1.0,-0.5,0.4641666666666666,0.5,0.9641666666666666,-0.4641666666666666
18,2020/2021,154,2022/2023,1,Permanent,11.0,0.5,1.0,0.75,0.4783333333333333,0.5,-0.2716666666666667,0.7716666666666667
18,2024/2025,50,2020/2021,1,,10.0,0.44250000000000006,0.6124999999999999,1.25,0.8333333333333334,0.16999999999999987,-0.41666666666666663,0.5866666666666664
19,2022/2023,412,2023/2024,1,Permanent,17.0,-1.125,-0.08333333333333333,-0.6612499999999999,-0.8141666666666665,1.0416666666666667,-0.1529166666666666,1.1945833333333333
22,2022/2023,151,2023/2024,1,Interim,12.0,-0.5,-0.3333333333333333,-0.35875,-0.10499999999999998,0.16666666666666669,0.25375000000000003,-0.08708333333333335
22,2023/2024,145,2021/2022,1,Permanent,13.0,-0.2185714285714286,0.19000000000000003,0.0,0.5,0.40857142857142864,0.5,-0.09142857142857136
33,2019/2020,195,2023/2024,1,Interim,21.0,-0.5,-1.25,0.008750000000000036,0.47750000000000004,-0.75,0.46875,-1.21875
33,2020/2021,197,2019/2020,1,Interim,6.0,-0.4,0.0,-0.8,-0.5,0.4,0.30000000000000004,0.09999999999999998
33,2021/2022,145,2020/2021,1,Permanent,22.0,-1.75,-0.5833333333333334,0.25,0.5833333333333334,1.1666666666666665,0.33333333333333337,0.8333333333333331
311,2019/2020,327,2020/2021,2,Permanent,18.0,-0.875,0.5833333333333334,-0.75,-0.16666666666666666,1.4583333333333335,0.5833333333333334,0.8750000000000001
311,2019/2020,91,2023/2024,2,Permanent,18.0,-0.875,0.5833333333333334,0.25999999999999995,-0.7425000000000002,1.4583333333333335,-1.0025000000000002,2.4608333333333334
311,2020/2021,308,2023/2024,2,Permanent,9.0,0.25,-0.7272727272727273,-0.009999999999999995,0.20166666666666658,-0.9772727272727273,0.21166666666666656,-1.188939393939394
311,2020/2021,371,2024/2025,2,Permanent,9.0,0.25,-0.7272727272727273,-0.46153846153846156,0.3333333333333333,-0.9772727272727273,0.7948717948717949,-1.7721445221445222
311,2021/2022,121,2019/2020,2,Permanent,17.0,-0.625,0.9166666666666666,-0.375,-0.3333333333333333,1.5416666666666665,0.041666666666666685,1.4999999999999998
311,2022/2023,311,2023/2024,2,Permanent,13.0,-0.125,-0.18181818181818182,-0.4912499999999999,-0.26416666666666666,-0.05681818181818182,0.22708333333333325,-0.28390151515151507
304,2020/2021,461,2024/2025,2,Interim,16.0,-0.625,0.0,-0.45454545454545453,0.3333333333333333,0.625,0.7878787878787878,-0.16287878787878785
304,2020/2021,313,2024/2025,2,Interim,16.0,-0.625,0.0,0.24625000000000005,-0.0536363636363636,0.625,-0.2998863636363637,0.9248863636363637
304,2023/2024,346,2021/2022,2,Permanent,22.0,-0.47000000000000003,-0.26666666666666666,-0.875,-0.5,0.20333333333333337,0.375,-0.17166666666666663
304,2024/2025,4,2023/2024,2,Permanent,21.0,-0.5157142857142858,0.4683333333333333,-0.3437499999999999,0.5455555555555556,0.9840476190476191,0.8893055555555555,0.0947420634920636
202,2019/2020,73,2019/2020,3,Permanent,11.0,-0.5384615384615384,0.23076923076923078,0.1111111111111111,-1.0833333333333333,0.7692307692307692,-1.1944444444444444,1.9636752136752136
202,2023/2024,104,2021/2022,3,Permanent,12.0,-1.375,-0.16666666666666666,-0.5,-0.5,1.2083333333333333,0.0,1.2083333333333333
202,2023/2024,492,2024/2025,3,Permanent,12.0,-1.375,-0.16666666666666666,-0.40499999999999997,-1.2683333333333333,1.2083333333333333,-0.8633333333333333,2.0716666666666663
202,2023/2024,402,2023/2024,3,Permanent,12.0,-1.375,-0.16666666666666666,0.2749999999999999,-0.036666666666666736,1.2083333333333333,-0.31166666666666665,1.52
312,2023/2024,6,2024/2025,2,Permanent,16.0,-0.36875,-0.2591666666666666,-0.42375,-0.09583333333333328,0.10958333333333342,0.32791666666666675,-0.21833333333333332
99,2019/2020,104,2019/2020,3,Interim,25.0,-0.75,0.0,0.75,-1.0,0.75,-1.75,2.5
59,2020/2021,371,2021/2022,2,Permanent,10.0,0.625,0.4166666666666667,0.4166666666666667,-1.0,-0.20833333333333331,-1.4166666666666667,1.2083333333333335
59,2023/2024,454,2022/2023,2,Interim,10.0,0.8125,0.16666666666666666,-0.75,-0.6666666666666666,-0.6458333333333334,0.08333333333333337,-0.7291666666666667
100,2020/2021,170,2024/2025,3,Permanent,24.0,0.0,0.0,-0.865,0.45166666666666666,0.0,1.3166666666666667,-1.3166666666666667
106,2021/2022,287,2024/2025,3,Permanent,18.0,-1.375,-0.08333333333333333,0.0,-0.125,1.2916666666666667,-0.125,1.4166666666666667
222,2024/2025,138,2020/2021,1,Permanent,12.0,0.4837500000000001,0.14166666666666664,0.875,1.0,-0.3420833333333335,0.125,-0.4670833333333335
222,2024/2025,21,2021/2022,1,Permanent,12.0,0.4837500000000001,0.14166666666666664,0.8181818181818182,0.6666666666666666,-0.3420833333333335,-0.1515151515151516,-0.19056818181818191
125,2023/2024,325,2023/2024,2,Permanent,18.0,1.07375,0.20750000000000002,0.4375,0.17999999999999997,-0.86625,-0.25750000000000006,-0.6087499999999999
125,2024/2025,315,2020/2021,2,Interim,20.0,-0.43749999999999994,-0.688,1.0,0.6666666666666666,-0.2505,-0.33333333333333337,0.08283333333333337
125,2024/2025,11,2024/2025,2,Interim,20.0,-0.43749999999999994,-0.688,0.355,-0.728,-0.2505,-1.083,0.8325
255,2020/2021,258,2019/2020,2,,17.0,-0.25,0.75,-1.0,0.3333333333333333,1.0,1.3333333333333333,-0.33333333333333326
88,2023/2024,312,2019/2020,2,Permanent,19.0,-0.31375,-0.4833333333333332,-0.75,-0.5,-0.16958333333333325,0.25,-0.41958333333333325
73,2023/2024,73,2024/2025,3,Permanent,9.0,-0.8984615384615384,-0.6658333333333334,-0.3937499999999999,-0.4483333333333333,0.23262820512820503,-0.05458333333333343,0.28721153846153846
307,2019/2020,257,2024/2025,2,Permanent,18.0,-1.5,-0.5,-1.5,0.08333333333333333,1.0,1.5833333333333333,-0.5833333333333333
307,2019/2020,126,2019/2020,2,Permanent,18.0,-1.5,-0.5,0.0,0.5833333333333334,1.0,0.5833333333333334,0.41666666666666663
307,2020/2021,426,2024/2025,2,Permanent,24.0,-0.5714285714285714,0.08333333333333333,-0.265,0.4633333333333333,0.6547619047619048,0.7283333333333333,-0.07357142857142851
307,2020/2021,310,2021/2022,2,Permanent,24.0,-0.5714285714285714,0.08333333333333333,0.375,-1.9166666666666667,0.6547619047619048,-2.291666666666667,2.9464285714285716
307,2022/2023,261,2024/2025,2,Interim,23.0,-0.2857142857142857,0.16666666666666666,0.25,0.5,0.45238095238095233,0.25,0.20238095238095233
210,2020/2021,439,2024/2025,3,Permanent,21.0,0.875,1.0,0.5175,0.13666666666666666,0.125,-0.3808333333333333,0.5058333333333334
210,2022/2023,177,2021/2022,3,Permanent,23.0,0.0,0.1,0.0,-2.2857142857142856,0.1,-2.2857142857142856,2.3857142857142857
363,2021/2022,395,2021/2022,3,Interim,12.0,-0.375,-1.0833333333333333,-1.5,0.25,-0.7083333333333333,1.75,-2.458333333333333
16,2022/2023,124,2022/2023,2,Permanent,21.0,0.625,0.2222222222222222,0.25,-0.8888888888888888,-0.4027777777777778,-1.1388888888888888,0.736111111111111
231,2021/2022,230,2022/2023,1,Permanent,14.0,-1.25,0.8333333333333334,0.18125000000000002,-0.4916666666666667,2.0833333333333335,-0.6729166666666667,2.75625
203,2022/2023,444,2022/2023,3,Permanent,8.0,-1.0,0.3333333333333333,-0.2857142857142857,-0.4166666666666667,1.3333333333333333,-0.130952380952381,1.4642857142857142
328,2021/2022,84,2024/2025,2,Permanent,15.0,-0.75,0.8333333333333334,-0.2941666666666667,-0.8000000000000002,1.5833333333333335,-0.5058333333333335,2.089166666666667
189,2022/2023,274,2023/2024,1,Permanent,22.0,-1.5,0.2808333333333333,-0.16250000000000003,-0.14666666666666675,1.7808333333333333,0.015833333333333283,1.765
245,2019/2020,24,2020/2021,1,Permanent,14.0,-0.25,0.25,-0.5,-0.8333333333333334,0.5,-0.33333333333333337,0.8333333333333334
245,2020/2021,152,2019/2020,1,Permanent,12.0,-0.25,-0.16666666666666666,0.0,-0.3333333333333333,0.08333333333333334,-0.3333333333333333,0.41666666666666663
245,2020/2021,50,2023/2024,1,Permanent,12.0,-0.25,-0.16666666666666666,0.4625,0.8124999999999999,0.08333333333333334,0.34999999999999987,-0.2666666666666665
245,2021/2022,409,2021/2022,1,Permanent,13.0,-0.75,-0.6666666666666666,-0.25,-1.1666666666666667,0.08333333333333337,-0.9166666666666667,1.0
245,2021/2022,190,2020/2021,1,Permanent,13.0,-0.75,-0.6666666666666666,0.25,-0.5,0.08333333333333337,-0.75,0.8333333333333334
245,2024/2025,335,2020/2021,1,Permanent,23.0,-0.01249999999999999,-0.5245454545454545,-0.125,-0.6363636363636364,-0.5120454545454546,-0.5113636363636364,-0.0006818181818182278
256,2020/2021,301,2022/2023,2,Interim,22.0,-1.375,-0.5454545454545454,0.14285714285714285,-0.5833333333333334,0.8295454545454546,-0.7261904761904763,1.5557359307359309
287,2022/2023,364,2020/2021,3,Interim,9.0,0.0,-0.08333333333333333,-0.25,-0.75,-0.08333333333333333,-0.5,0.4166666666666667
287,2023/2024,71,2022/2023,3,Permanent,13.0,-0.09090909090909091,-1.0,-0.5,-0.6666666666666666,-0.9090909090909091,-0.16666666666666663,-0.7424242424242424
190,2022/2023,232,2019/2020,1,Permanent,17.0,0.25,0.69,0.25,-0.75,0.43999999999999995,-1.0,1.44
89,2023/2024,112,2021/2022,2,Permanent,17.0,-0.9109999999999999,-0.188,-0.125,-1.0833333333333333,0.7229999999999999,-0.9583333333333333,1.6813333333333331
288,2023/2024,103,2022/2023,3,Interim,13.0,1.2857142857142858,0.8333333333333334,-0.25,-0.3333333333333333,-0.45238095238095244,-0.08333333333333331,-0.3690476190476191
182,2019/2020,130,2020/2021,1,Permanent,9.0,0.75,0.8333333333333334,-1.25,-1.8333333333333333,0.08333333333333337,-0.5833333333333333,0.6666666666666666
182,2024/2025,236,2024/2025,1,Permanent,19.0,0.23874999999999993,0.4875,1.18125,1.9191666666666665,0.24875000000000005,0.7379166666666666,-0.4891666666666665
188,2023/2024,145,2024/2025,1,Permanent,22.0,0.6325000000000001,0.4791666666666667,0.5537500000000001,0.4124999999999999,-0.15333333333333338,-0.14125000000000015,-0.012083333333333224
188,2023/2024,50,2019/2020,1,Permanent,22.0,0.6325000000000001,0.4791666666666667,0.875,1.0833333333333333,-0.15333333333333338,0.20833333333333326,-0.36166666666666664
332,2023/2024,159,2021/2022,1,Interim,13.0,0.07071428571428565,-0.7433333333333335,0.125,-0.5,-0.8140476190476191,-0.625,-0.18904761904761913
332,2024/2025,197,2021/2022,1,,16.0,-0.22090909090909092,-0.7566666666666665,-0.625,-0.5,-0.5357575757575755,0.125,-0.6607575757575755
293,2019/2020,464,2024/2025,3,Permanent,10.0,0.6875,1.0833333333333333,0.11125000000000002,-0.8108333333333334,0.39583333333333326,-0.9220833333333334,1.3179166666666666
286,2020/2021,287,2020/2021,3,Permanent,12.0,-0.5,-0.3333333333333333,-0.16666666666666666,-1.3333333333333333,0.16666666666666669,-1.1666666666666665,1.3333333333333333
127,2020/2021,388,2023/2024,1,Permanent,24.0,-0.375,-0.3,-1.44625,-0.2840000000000001,0.07500000000000001,1.16225,-1.08725
127,2021/2022,278,2023/2024,1,Permanent,12.0,-1.25,-0.5,-0.75875,-0.3125,0.75,0.44625000000000004,0.30374999999999996
204,2022/2023,403,2021/2022,3,Permanent,19.0,0.25,0.3333333333333333,0.25,1.0,0.08333333333333331,0.75,-0.6666666666666667
289,2021/2022,206,2024/2025,3,Permanent,10.0,0.625,0.5,1.0,-0.75,-0.125,-1.75,1.625
289,2024/2025,295,2019/2020,3,Permanent,9.0,0.14285714285714285,0.75,-0.6,-1.0,0.6071428571428572,-0.4,1.0071428571428571
294,2020/2021,103,2024/2025,3,Permanent,8.0,-0.9285714285714286,-0.8333333333333334,-0.27714285714285714,-0.3641666666666667,0.09523809523809523,-0.08702380952380956,0.1822619047619048
294,2023/2024,208,2022/2023,3,,7.0,-0.4166666666666667,-0.4166666666666667,-1.0,-0.5833333333333334,0.0,0.41666666666666663,-0.41666666666666663
294,2023/2024,339,2020/2021,3,,7.0,-0.4166666666666667,-0.4166666666666667,-2.0,-0.5,0.0,1.5,-1.5
267,2020/2021,155,2020/2021,1,Permanent,16.0,-1.25,-0.8333333333333334,0.125,-0.16666666666666666,0.41666666666666663,-0.29166666666666663,0.7083333333333333
235,2019/2020,233,2024/2025,1,Permanent,20.0,-0.75,-0.08333333333333333,-0.37374999999999997,-0.04083333333333334,0.6666666666666666,0.33291666666666664,0.33375
50,2021/2022,235,2023/2024,1,Permanent,14.0,1.125,1.6666666666666667,-0.4025,-0.9466666666666668,0.5416666666666667,-0.5441666666666667,1.0858333333333334
50,2021/2022,185,2021/2022,1,Permanent,14.0,1.125,1.6666666666666667,-0.5,-0.9166666666666666,0.5416666666666667,-0.41666666666666663,0.9583333333333334
201,2022/2023,189,2024/2025,1,Permanent,23.0,-0.275,0.6341666666666667,-0.42500000000000004,-1.0663636363636364,0.9091666666666667,-0.6413636363636364,1.550530303030303
159,2019/2020,147,2019/2020,1,Permanent,18.0,-1.125,-0.08333333333333333,-0.625,0.5,1.0416666666666667,1.125,-0.08333333333333326
159,2019/2020,232,2020/2021,1,Permanent,18.0,-1.125,-0.08333333333333333,-0.625,-0.75,1.0416666666666667,-0.125,1.1666666666666667
159,2022/2023,336,2024/2025,1,Permanent,27.0,-0.22750000000000004,-0.7272727272727276,-0.7175,-0.5685714285714286,-0.4997727272727276,0.1489285714285714,-0.648701298701299
29,2019/2020,355,2021/2022,1,Permanent,10.0,-0.5,0.4166666666666667,-0.75,-0.75,0.9166666666666667,0.0,0.9166666666666667
29,2019/2020,48,2024/2025,1,Permanent,10.0,-0.5,0.4166666666666667,-1.19625,-0.1650000000000001,0.9166666666666667,1.03125,-0.11458333333333326
29,2022/2023,39,2023/2024,1,Permanent,17.0,0.5714285714285714,0.3333333333333333,-0.45249999999999996,-0.1483333333333334,-0.23809523809523808,0.3041666666666666,-0.5422619047619046
29,2022/2023,332,2022/2023,1,Permanent,17.0,0.5714285714285714,0.3333333333333333,-0.5,-0.08333333333333333,-0.23809523809523808,0.4166666666666667,-0.6547619047619048
29,2024/2025,405,2021/2022,1,Permanent,10.0,-0.303125,0.4924999999999999,-0.625,-0.5,0.7956249999999998,0.125,0.6706249999999998
394,2023/2024,80,2021/2022,3,Permanent,16.0,0.07374999999999993,-0.25416666666666665,-0.875,-0.08333333333333333,-0.3279166666666666,0.7916666666666666,-1.1195833333333332
263,2021/2022,379,2020/2021,2,Permanent,13.0,1.2222222222222223,1.3333333333333333,0.125,0.0,0.11111111111111094,-0.125,0.23611111111111094
263,2023/2024,9,2021/2022,2,Permanent,8.0,0.9166666666666666,2.1666666666666665,-0.14285714285714285,-0.5,1.25,-0.35714285714285715,1.6071428571428572
53,2021/2022,319,2024/2025,2,Permanent,16.0,-0.45454545454545453,0.8333333333333334,-0.14749999999999996,0.32249999999999995,1.2878787878787878,0.4699999999999999,0.8178787878787879
401,2023/2024,387,2021/2022,1,Permanent,24.0,0.375,-0.018333333333333424,-0.875,-1.4,-0.3933333333333334,-0.5249999999999999,0.1316666666666665
54,2024/2025,84,2021/2022,2,,10.0,0.625,0.08333333333333333,0.125,0.4166666666666667,-0.5416666666666666,0.2916666666666667,-0.8333333333333333
54,2024/2025,87,2024/2025,2,,10.0,0.625,0.08333333333333333,0.530625,0.57,-0.5416666666666666,0.03937499999999994,-0.5810416666666666
250,2020/2021,141,2019/2020,1,Permanent,15.0,-0.75,-0.16666666666666666,0.75,-0.5454545454545454,0.5833333333333334,-1.2954545454545454,1.878787878787879
250,2020/2021,152,2022/2023,1,Permanent,15.0,-0.75,-0.16666666666666666,0.0,-0.5900000000000001,0.5833333333333334,-0.5900000000000001,1.1733333333333333
120,2020/2021,313,2023/2024,2,Permanent,16.0,1.125,0.0,0.03000000000000011,0.06333333333333331,-1.125,0.0333333333333332,-1.1583333333333332
31,2021/2022,40,2023/2024,1,Interim,6.0,0.0,0.3333333333333333,0.005999999999999872,-0.4491666666666667,0.3333333333333333,-0.4551666666666666,0.7885
31,2022/2023,428,2023/2024,1,Permanent,17.0,-0.875,0.3333333333333333,-0.49399999999999994,0.016666666666666653,1.2083333333333333,0.5106666666666666,0.6976666666666667
465,2023/2024,359,2022/2023,3,Interim,19.0,-1.175,0.2725,-0.875,-0.09090909090909091,1.4475,0.7840909090909091,0.663409090909091
246,2019/2020,38,2021/2022,1,Permanent,23.0,1.625,0.7272727272727273,1.0,0.5454545454545454,-0.8977272727272727,-0.4545454545454546,-0.4431818181818181
246,2019/2020,282,2020/2021,1,Permanent,23.0,1.625,0.7272727272727273,1.625,1.3333333333333333,-0.8977272727272727,-0.29166666666666674,-0.606060606060606
398,2022/2023,232,2023/2024,1,Permanent,14.0,-1.0,-1.3333333333333333,1.1475,-1.034166666666667,-0.33333333333333326,-2.1816666666666666,1.8483333333333334
141,2024/2025,132,2019/2020,1,Permanent,23.0,0.3175,-0.034545454545454574,1.0,0.6666666666666666,-0.35204545454545455,-0.33333333333333337,-0.01871212121212118
468,2024/2025,202,2021/2022,3,,9.0,0.07937499999999999,-0.4041666666666666,0.625,0.8333333333333334,-0.4835416666666666,0.20833333333333337,-0.691875
60,2023/2024,341,2020/2021,2,Permanent,10.0,0.0,-0.8333333333333334,0.375,-0.8333333333333334,-0.8333333333333334,-1.2083333333333335,0.3750000000000001
111,2021/2022,57,2019/2020,2,Permanent,13.0,-0.375,-0.3333333333333333,-1.0,-1.4444444444444444,0.041666666666666685,-0.4444444444444444,0.4861111111111111
78,2022/2023,358,2022/2023,3,Interim,16.0,-1.25,-0.6666666666666666,-0.5,-1.0,0.5833333333333334,-0.5,1.0833333333333335
78,2022/2023,103,2021/2022,3,Interim,16.0,-1.25,-0.6666666666666666,0.0,-0.8333333333333334,0.5833333333333334,-0.8333333333333334,1.4166666666666667
78,2023/2024,441,2024/2025,3,Permanent,19.0,-1.47875,-0.5781818181818181,-0.22250000000000003,-1.7636363636363634,0.9005681818181819,-1.5411363636363635,2.441704545454545
63,2020/2021,262,2024/2025,2,Permanent,10.0,0.6875,0.25,-0.4166666666666667,-0.3333333333333333,-0.4375,0.08333333333333337,-0.5208333333333334
266,2023/2024,50,2024/2025,1,Permanent,25.0,0.30625,0.46416666666666667,-0.39749999999999996,-0.49888888888888894,0.15791666666666665,-0.10138888888888897,0.2593055555555556
266,2023/2024,353,2022/2023,1,Permanent,25.0,0.30625,0.46416666666666667,0.5,-1.1111111111111112,0.15791666666666665,-1.6111111111111112,1.7690277777777779
166,2021/2022,343,2022/2023,3,Permanent,11.0,0.7333333333333333,0.5,-0.875,0.08333333333333333,-0.23333333333333328,0.9583333333333334,-1.1916666666666667
163,2022/2023,239,2019/2020,1,Permanent,26.0,0.5,0.18999999999999992,-0.625,0.375,-0.31000000000000005,1.0,-1.31
163,2023/2024,362,2020/2021,1,Permanent,17.0,-0.27625,-0.32083333333333325,-1.375,-0.3333333333333333,-0.04458333333333325,1.0416666666666667,-1.08625
25,2019/2020,368,2024/2025,1,Permanent,21.0,-0.625,-0.125,-0.11374999999999999,-0.35166666666666657,0.5,-0.23791666666666658,0.7379166666666666
25,2020/2021,218,2024/2025,1,Permanent,15.0,-0.625,0.4166666666666667,-0.03750000000000003,0.22666666666666666,1.0416666666666667,0.26416666666666666,0.7775000000000001
25,2020/2021,198,2023/2024,1,Permanent,15.0,-0.625,0.4166666666666667,0.02624999999999994,-0.5641666666666666,1.0416666666666667,-0.5904166666666666,1.6320833333333333
306,2023/2024,15,2022/2023,2,Permanent,18.0,-0.5362499999999999,-0.31916666666666677,-0.125,1.0833333333333333,0.21708333333333313,1.2083333333333333,-0.9912500000000002
377,2022/2023,273,2024/2025,1,Permanent,23.0,-0.19250000000000006,-0.21583333333333335,-0.5687500000000001,-0.2875,-0.02333333333333329,0.2812500000000001,-0.30458333333333343
377,2022/2023,194,2019/2020,1,Permanent,23.0,-0.19250000000000006,-0.21583333333333335,0.0,-0.2,-0.02333333333333329,-0.2,0.17666666666666672
247,2019/2020,196,2022/2023,1,Permanent,23.0,0.25,0.5454545454545454,0.99625,0.7966666666666667,0.2954545454545454,-0.19958333333333322,0.49503787878787864
247,2019/2020,146,2024/2025,1,Permanent,23.0,0.25,0.5454545454545454,1.5612500000000002,1.5441666666666665,0.2954545454545454,-0.017083333333333783,0.3125378787878792
247,2024/2025,268,2023/2024,1,Permanent,15.0,1.6187499999999997,1.095,0.02625000000000005,0.5641666666666666,-0.5237499999999997,0.5379166666666666,-1.0616666666666663
258,2023/2024,123,2021/2022,2,Interim,11.0,-0.7272727272727273,-0.3333333333333333,-0.5,-0.16666666666666666,0.393939393939394,0.33333333333333337,0.06060606060606061
258,2024/2025,113,2024/2025,2,Permanent,6.0,-0.8,-0.3333333333333333,-0.6960000000000001,-0.43500000000000005,0.46666666666666673,0.261,0.20566666666666672
194,2022/2023,152,2021/2022,1,,17.0,-0.5,-0.6258333333333334,-0.5,-0.25,-0.12583333333333335,0.25,-0.37583333333333335
191,2024/2025,214,2020/2021,1,,20.0,-0.54625,-1.0008333333333332,0.75,-0.08333333333333333,-0.45458333333333323,-0.8333333333333334,0.37875000000000014
192,2024/2025,334,2021/2022,1,,19.0,0.26375000000000004,0.44916666666666655,0.25,-1.4166666666666667,0.1854166666666665,-1.6666666666666667,1.8520833333333333
192,2024/2025,127,2019/2020,1,,19.0,0.26375000000000004,0.44916666666666655,-1.375,-0.14285714285714285,0.1854166666666665,1.2321428571428572,-1.0467261904761906
26,2020/2021,46,2019/2020,1,Permanent,19.0,-0.25,0.16666666666666666,-0.625,0.75,0.41666666666666663,1.375,-0.9583333333333334
26,2023/2024,366,2022/2023,1,Permanent,20.0,-1.07625,0.21799999999999997,-0.5,-0.6949999999999998,1.29425,-0.19499999999999984,1.4892499999999997
92,2021/2022,2,2020/2021,2,Permanent,17.0,-1.7,-0.4,-0.25,-0.9166666666666666,1.2999999999999998,-0.6666666666666666,1.9666666666666663
92,2021/2022,478,2023/2024,2,Permanent,17.0,-1.7,-0.4,0.29124999999999995,0.10583333333333335,1.2999999999999998,-0.18541666666666662,1.4854166666666664
48,2022/2023,157,2024/2025,1,Permanent,19.0,-0.9375,-0.2449999999999999,-0.23250000000000004,0.11416666666666665,0.6925000000000001,0.3466666666666667,0.34583333333333344
225,2021/2022,186,2020/2021,1,Permanent,10.0,-0.625,1.25,0.0,0.3333333333333333,1.875,0.3333333333333333,1.5416666666666667
277,2021/2022,193,2020/2021,1,Permanent,22.0,-0.25,-0.4166666666666667,-0.875,0.08333333333333333,-0.16666666666666669,0.9583333333333334,-1.125
277,2021/2022,471,2023/2024,1,Permanent,22.0,-0.25,-0.4166666666666667,-0.95625,-1.2716666666666667,-0.16666666666666669,-0.3154166666666667,0.14875
417,2021/2022,147,2022/2023,1,Permanent,25.0,-1.5,-0.5833333333333334,0.08124999999999996,-0.4775,0.9166666666666666,-0.55875,1.4754166666666666
359,2021/2022,101,2020/2021,3,Permanent,9.0,0.5,-0.16666666666666666,-1.125,0.9166666666666666,-0.6666666666666666,2.0416666666666665,-2.708333333333333
385,2024/2025,239,2021/2022,1,,10.0,0.8537499999999999,0.5908333333333334,-0.5,0.75,-0.26291666666666647,1.25,-1.5129166666666665
134,2019/2020,506,2024/2025,1,Permanent,17.0,-2.0,-0.3333333333333333,-0.0012499999999999734,0.15166666666666664,1.6666666666666667,0.15291666666666662,1.5137500000000002
134,2019/2020,28,2023/2024,1,Permanent,17.0,-2.0,-0.3333333333333333,-1.5349999999999997,-0.4808333333333334,1.6666666666666667,1.0541666666666663,0.6125000000000005
341,2024/2025,381,2023/2024,2,Permanent,17.0,-0.687,-0.044,0.22749999999999998,-0.7875,0.643,-1.015,1.658
335,2022/2023,136,2023/2024,1,Permanent,15.0,-0.75,-0.028333333333333325,-0.6737500000000001,-0.5541666666666666,0.7216666666666667,0.11958333333333349,0.6020833333333332
46,2021/2022,141,2021/2022,1,Permanent,9.0,-0.125,-0.75,-0.125,-0.5833333333333334,-0.625,-0.45833333333333337,-0.16666666666666663
46,2021/2022,149,2020/2021,1,Permanent,9.0,-0.125,-0.75,0.25,-0.8333333333333334,-0.625,-1.0833333333333335,0.4583333333333335
392,2023/2024,310,2019/2020,2,Permanent,17.0,-0.26099999999999995,-0.09600000000000002,0.0,-0.08333333333333333,0.16499999999999992,-0.08333333333333333,0.24833333333333324
156,2023/2024,281,2021/2022,1,Permanent,13.0,-0.29000000000000004,0.1633333333333333,-0.375,-0.25,0.45333333333333337,0.125,0.32833333333333337
156,2023/2024,418,2021/2022,1,Permanent,13.0,-0.29000000000000004,0.1633333333333333,-0.375,-1.25,0.45333333333333337,-0.875,1.3283333333333334
135,2019/2020,353,2024/2025,1,Permanent,18.0,0.0,0.25,0.9424999999999999,-0.4099999999999999,0.25,-1.3524999999999998,1.6024999999999998
251,2020/2021,355,2022/2023,1,Interim,25.0,-1.0,-0.5555555555555556,-0.13625,-0.21000000000000005,0.4444444444444444,-0.07375000000000004,0.5181944444444444
251,2023/2024,361,2023/2024,1,Permanent,7.0,-0.13,0.2533333333333333,0.018333333333333274,0.01583333333333342,0.3833333333333333,-0.002499999999999853,0.38583333333333314
251,2024/2025,34,2022/2023,1,Permanent,17.0,0.5037499999999999,0.3333333333333333,2.36375,0.7424999999999998,-0.1704166666666666,-1.6212500000000003,1.4508333333333336
251,2024/2025,25,2022/2023,1,Permanent,17.0,0.5037499999999999,0.3333333333333333,0.0,-0.25,-0.1704166666666666,-0.25,0.0795833333333334
249,2019/2020,239,2024/2025,1,Permanent,11.0,0.125,-0.5,-0.2275,-0.38166666666666677,-0.625,-0.15416666666666676,-0.4708333333333332
296,2019/2020,80,2023/2024,3,Interim,17.0,-0.5,-0.8888888888888888,-0.8912500000000001,-0.054999999999999945,-0.38888888888888884,0.8362500000000002,-1.225138888888889
296,2021/2022,70,2019/2020,3,Permanent,12.0,-0.3333333333333333,-0.25,0.5,0.0,0.08333333333333331,-0.5,0.5833333333333333
296,2024/2025,339,2022/2023,3,Permanent,11.0,-0.0625,-0.9166666666666666,-0.2972727272727273,-0.08333333333333333,-0.8541666666666666,0.21393939393939398,-1.0681060606060606
227,2024/2025,244,2019/2020,1,Permanent,20.0,-0.45374999999999993,-0.36749999999999994,-0.5,0.16666666666666666,0.08625,0.6666666666666666,-0.5804166666666666
128,2020/2021,406,2023/2024,1,Permanent,19.0,-1.125,-0.8333333333333334,-0.6099999999999999,-0.8558333333333333,0.29166666666666663,-0.24583333333333346,0.5375000000000001
128,2021/2022,33,2022/2023,1,Permanent,25.0,-1.0,-0.3333333333333333,-2.125,-1.2222222222222223,0.6666666666666667,0.9027777777777777,-0.23611111111111094
58,2019/2020,118,2023/2024,2,Permanent,18.0,0.7777777777777778,1.25,1.36375,0.4841666666666667,0.4722222222222222,-0.8795833333333334,1.3518055555555555
58,2019/2020,118,2021/2022,2,Permanent,18.0,0.7777777777777778,1.25,1.0,0.5833333333333334,0.4722222222222222,-0.41666666666666663,0.8888888888888888
58,2024/2025,90,2020/2021,2,,10.0,0.625,0.6666666666666666,-0.375,0.5833333333333334,0.04166666666666663,0.9583333333333334,-0.9166666666666667
314,2019/2020,383,2023/2024,2,Permanent,24.0,-1.375,-0.6,-0.2974999999999999,-0.4166666666666667,0.775,-0.11916666666666681,0.8941666666666668
314,2019/2020,423,2022/2023,2,Permanent,24.0,-1.375,-0.6,-1.5,-0.18181818181818182,0.775,1.3181818181818181,-0.5431818181818181
108,2019/2020,102,2019/2020,3,Permanent,8.0,0.0,0.25,-0.35714285714285715,-0.16666666666666666,0.25,0.1904761904761905,0.05952380952380951
108,2021/2022,378,2021/2022,3,Interim,19.0,-1.125,-0.4166666666666667,-0.5,0.2857142857142857,0.7083333333333333,0.7857142857142857,-0.07738095238095244
108,2022/2023,432,2023/2024,3,Permanent,17.0,-1.125,-0.16666666666666666,-0.16375,0.15083333333333335,0.9583333333333334,0.3145833333333333,0.64375
