treated_club,treated_season,treated_tier,treated_ps,control_club,control_season,control_ps,ps_dist
36,2019/2020,1,0.41740218485718417,157,2023/2024,0.4171941502802846,0.0008555446292623503
36,2019/2020,1,0.41740218485718417,47,2019/2020,0.4189961386460983,0.006551166615650916
36,2019/2020,1,0.41740218485718417,406,2021/2022,0.4191339645244883,0.007117303986907408
76,2024/2025,3,0.09830275441279783,285,2020/2021,0.09815415036381618,0.0016776327177212558
76,2024/2025,3,0.09830275441279783,166,2020/2021,0.09852893825227743,0.002549120954515871
51,2023/2024,1,0.7103998269974654,445,2023/2024,0.7082815856908115,0.010273958143286799
51,2024/2025,1,0.3637151166241186,40,2022/2023,0.36380817258649023,0.0004020753557720802
42,2019/2020,1,0.317033877003196,42,2022/2023,0.31852210454541907,0.006864681510859616
42,2020/2021,1,0.551583603355872,233,2020/2021,0.549398995722795,0.008828473372657464
42,2020/2021,1,0.551583603355872,160,2022/2023,0.556564075872342,0.020157828970199687
42,2023/2024,1,0.5693165267933331,460,2023/2024,0.5718225447664634,0.01022783595214194
42,2023/2024,1,0.5693165267933331,199,2019/2020,0.5664997980988647,0.011478684059074817
83,2020/2021,2,0.4483851766541457,371,2022/2023,0.4461254606621262,0.00914059683247162
83,2020/2021,2,0.4483851766541457,433,2022/2023,0.4519995881620702,0.014602616773779414
268,2019/2020,1,0.4114803733268153,238,2021/2022,0.41182062514087314,0.001404870951960735
268,2024/2025,1,0.2784275462296311,195,2022/2023,0.27716635916027976,0.006286273680132792
450,2024/2025,1,0.6401302090723243,215,2019/2020,0.6370983080698205,0.013137336168933644
450,2024/2025,1,0.6401302090723243,227,2022/2023,0.6473210811971369,0.03135503512440052
77,2019/2020,3,0.08602476458441204,68,2022/2023,0.08638811903903884,0.004612573131177022
264,2020/2021,1,0.41040765129849605,187,2020/2021,0.4091224308803378,0.005313957344704634
358,2020/2021,3,0.3606477499296261,291,2024/2025,0.3633150477764774,0.011549239892072127
358,2020/2021,3,0.3606477499296261,101,2021/2022,0.3561444338282405,0.01958422867474341
358,2020/2021,3,0.3606477499296261,109,2022/2023,0.3549228608498923,0.02491559816849942
170,2019/2020,3,0.3252486276223114,503,2024/2025,0.3244171861363695,0.0037910593412184834
170,2020/2021,3,0.4535570802396533,72,2021/2022,0.4534367586810989,0.0004854857589381145
170,2020/2021,3,0.4535570802396533,105,2020/2021,0.45285304258383663,0.0028410359255805206
137,2019/2020,1,0.48751987811289443,225,2024/2025,0.48642806560663926,0.004370217871088468
137,2020/2021,1,0.2968813874525787,278,2021/2022,0.29883148502851165,0.009324479671162567
475,2023/2024,3,0.6024614980825931,75,2020/2021,0.6002571381801666,0.009195338039582224
475,2023/2024,3,0.6024614980825931,73,2021/2022,0.6077166503382465,0.02199235808011646
292,2019/2020,3,0.673508710868308,419,2022/2023,0.6685616865130973,0.022410701646707665
292,2020/2021,3,0.498105105335286,96,2022/2023,0.49569345136431897,0.009647005583382018
217,2022/2023,1,0.5535093151655851,470,2024/2025,0.5655406579022162,0.048819779735226415
407,2022/2023,1,0.3814590363480353,187,2019/2020,0.380625007046398,0.003536286172245273
297,2019/2020,3,0.25854198331070843,203,2021/2022,0.2604315622684639,0.00983373455267822
297,2019/2020,3,0.25854198331070843,290,2024/2025,0.2606722515906596,0.01108300048903943
183,2021/2022,1,0.2169883240134971,232,2024/2025,0.21693022317041155,0.0003419950873890798
269,2024/2025,1,0.3288565474606784,164,2020/2021,0.3290891399610449,0.0010536480687174388
193,2021/2022,1,0.4195994700450609,244,2022/2023,0.41924001514536297,0.0014761595338619315
193,2024/2025,1,0.3600135792446528,198,2024/2025,0.3610024179515325,0.004289193522095225
84,2020/2021,2,0.10723082956810924,14,2021/2022,0.107293608968711,0.0006556113794951024
84,2022/2023,2,0.576093183163557,337,2022/2023,0.5788459664323122,0.011282001674022268
260,2023/2024,2,0.1902342714447024,118,2020/2021,0.189588669735801,0.004196443061370125
422,2023/2024,2,0.11508169328182447,329,2021/2022,0.11508200853847424,3.0956675547422208e-06
422,2023/2024,2,0.11508169328182447,301,2019/2020,0.11520105259855873,0.0011715236636549164
129,2022/2023,1,0.17662274354168123,131,2019/2020,0.17665431180267913,0.00021705744279643113
129,2023/2024,1,0.16164689643400534,44,2024/2025,0.16199516916130824,0.0025677212836616725
129,2023/2024,1,0.16164689643400534,201,2023/2024,0.16052964083166407,0.008267492895970285
301,2021/2022,2,0.2655839391661803,111,2020/2021,0.2658984667095998,0.0016119466600246213
349,2024/2025,1,0.40305294543017134,27,2022/2023,0.4024056098100778,0.0026911948809247854
349,2024/2025,1,0.40305294543017134,417,2022/2023,0.40398302631159966,0.0038642090840902976
421,2021/2022,2,0.6464471967778734,126,2023/2024,0.6487730773193694,0.010191815314057884
308,2019/2020,2,0.6045102141072536,477,2023/2024,0.6037621902864339,0.0031277705026808156
308,2024/2025,2,0.1252771149561289,9,2024/2025,0.12594243766537225,0.006057654537324542
284,2020/2021,3,0.5725910713232412,98,2019/2020,0.5683998318402962,0.01710508858215881
284,2023/2024,3,0.2721580192675424,404,2024/2025,0.2720502263335683,0.0005442343076849099
228,2019/2020,1,0.4303280269253783,240,2019/2020,0.4281926258519912,0.008716083276707642
285,2019/2020,3,0.1409468685157443,79,2020/2021,0.14130137673029686,0.0029247910144238887
285,2022/2023,3,0.4523166365646721,70,2021/2022,0.44867969858325724,0.014691824489697691
285,2022/2023,3,0.4523166365646721,378,2020/2021,0.4562738282145557,0.015962228355874936
285,2024/2025,3,0.18942425742381552,71,2021/2022,0.1899095538493878,0.003157563927721707
285,2024/2025,3,0.18942425742381552,359,2023/2024,0.18868386770347334,0.004829285925797455
216,2022/2023,1,0.3094579385453547,140,2021/2022,0.31033493361469044,0.004100780442818253
507,2024/2025,3,0.418748123489871,504,2024/2025,0.418796919277943,0.00020047398415612427
507,2024/2025,3,0.418748123489871,208,2021/2022,0.41934550560820993,0.0024538533028826137
291,2019/2020,3,0.30366543717225175,72,2023/2024,0.3047636287102091,0.005188276794796942
291,2019/2020,3,0.30366543717225175,476,2024/2025,0.30232736441739866,0.006335892057122816
291,2021/2022,3,0.4836036337807338,206,2020/2021,0.4897106162275924,0.02444564299309525
291,2021/2022,3,0.4836036337807338,99,2023/2024,0.4760290642877606,0.03034831530320921
291,2021/2022,3,0.4836036337807338,203,2023/2024,0.47593861321858405,0.030710956230921155
56,2021/2022,2,0.38236234530187985,92,2024/2025,0.38402457226298553,0.007032727420348717
472,2024/2025,1,0.23494703132302885,51,2019/2020,0.23512315639724907,0.0009795959484042438
472,2024/2025,1,0.23494703132302885,39,2022/2023,0.23475584541258251,0.0010639394481417597
234,2019/2020,1,0.28910506552451015,283,2023/2024,0.28954279680206735,0.00212888201797079
234,2021/2022,1,0.5040948365214707,331,2024/2025,0.5044995519134889,0.0016189812384866144
323,2021/2022,2,0.10638799669279335,263,2022/2023,0.10639050360687625,2.6368979193502895e-05
323,2024/2025,2,0.3088785175555676,309,2020/2021,0.30859102688010176,0.0013470804373588718
323,2024/2025,2,0.3088785175555676,423,2021/2022,0.31004223700573336,0.005445716446434989
331,2021/2022,1,0.5893358807609769,356,2020/2021,0.5879242760443978,0.005829595917416164
302,2019/2020,2,0.13362327860013232,58,2023/2024,0.13413102362117776,0.004378851004848139
302,2021/2022,2,0.2849497098873791,426,2023/2024,0.28570093786712825,0.0036840306361619612
302,2023/2024,2,0.16034594470327623,54,2022/2023,0.16016124617337096,0.0013724848022453884
302,2023/2024,2,0.16034594470327623,54,2019/2020,0.15978569668172185,0.004167128055202252
302,2024/2025,2,0.2143309784455983,117,2019/2020,0.21452077720257987,0.0011267537729278132
302,2024/2025,2,0.2143309784455983,312,2022/2023,0.21375911108728657,0.0033993249396133685
243,2020/2021,1,0.3886681468010451,148,2019/2020,0.38890291882362327,0.0009879674358225232
243,2020/2021,1,0.3886681468010451,238,2024/2025,0.39010416616273735,0.006039674314289423
243,2021/2022,1,0.26112550510577404,142,2024/2025,0.262295505727449,0.006055343792652934
243,2023/2024,1,0.2984574823252564,193,2019/2020,0.29922143498689746,0.0036459542783993104
243,2024/2025,1,0.5793265858375309,232,2021/2022,0.5780993667414692,0.005033627194522328
509,2024/2025,2,0.4966224634264864,116,2024/2025,0.4960063883833075,0.002464434384294254
509,2024/2025,2,0.4966224634264864,117,2022/2023,0.5022753117796717,0.022611661713878843
38,2020/2021,1,0.17710309785529052,34,2019/2020,0.17691715151332932,0.0012764243243525986
38,2024/2025,1,0.3689166191290704,135,2023/2024,0.3692649325897958,0.0014957885821116346
38,2024/2025,1,0.3689166191290704,219,2021/2022,0.3692937487253707,0.0016195096529714181
272,2019/2020,1,0.6431638962857645,362,2023/2024,0.6545052901375062,0.049779334625697946
272,2019/2020,1,0.6431638962857645,409,2023/2024,0.656453911343312,0.058408209479136164
218,2022/2023,1,0.11561198595347759,138,2023/2024,0.11502310463050613,0.005772259054284579
393,2021/2022,3,0.5967366816788345,74,2020/2021,0.5960857711873687,0.002704185362257805
393,2021/2022,3,0.5967366816788345,69,2020/2021,0.5843853335842856,0.05108416820618128
85,2019/2020,2,0.226646382234882,306,2021/2022,0.22668406130783805,0.00021495511233471376
85,2024/2025,2,0.1304790195457907,57,2022/2023,0.13088194170291567,0.003546755869425988
208,2020/2021,3,0.4338556588474355,105,2023/2024,0.4330730886531879,0.0031867116284812202
208,2020/2021,3,0.4338556588474355,296,2023/2024,0.43202420378244333,0.007460021651786886
380,2020/2021,2,0.5480706641189539,13,2022/2023,0.5482205960565628,0.0006053404754099989
150,2019/2020,1,0.5679063237684726,277,2022/2023,0.5724270734165064,0.018446407972355527
241,2021/2022,1,0.4037404300580111,283,2024/2025,0.4045203810232238,0.0032388784737440446
241,2022/2023,1,0.4990833719658619,273,2023/2024,0.49913259696317136,0.00019690061588956663
447,2024/2025,1,0.5430601296803987,199,2020/2021,0.537733837714333,0.021445364124562022
167,2020/2021,3,0.07430256493933676,68,2021/2022,0.07364462193392421,0.009604855590915395
167,2020/2021,3,0.07430256493933676,106,2022/2023,0.07353211887362658,0.011255111249728778
167,2021/2022,3,0.09359313603957041,76,2021/2022,0.09402656387107369,0.0050985856262038
167,2023/2024,3,0.17200724567880793,293,2023/2024,0.17218713638708036,0.001262570467766233
167,2023/2024,3,0.17200724567880793,105,2024/2025,0.17118189524041785,0.005806208234726773
181,2022/2023,1,0.5854471227870195,219,2023/2024,0.5855737803851984,0.0005218948537393797
181,2022/2023,3,0.5854471227870195,378,2023/2024,0.5678413174103187,0.07212616521901388
181,2022/2023,3,0.5854471227870195,69,2019/2020,0.5653381546123288,0.08231963853559343
172,2019/2020,3,0.09191439002624885,403,2023/2024,0.0920356380490392,0.001451800897259492
172,2019/2020,3,0.09191439002624885,66,2020/2021,0.09268626285180229,0.009213033174552798
172,2020/2021,3,0.15551895312785394,171,2024/2025,0.15462533201347337,0.006820261504562275
172,2020/2021,3,0.15551895312785394,107,2023/2024,0.15368185252677052,0.01405609320258705
273,2020/2021,1,0.6451883710872683,155,2024/2025,0.6660491051120336,0.09241414168023643
446,2023/2024,1,0.34378183940916485,271,2020/2021,0.3439719876311327,0.0008427600448956962
305,2019/2020,2,0.38141310049003563,63,2019/2020,0.38001362014503887,0.005935773873039896
305,2020/2021,2,0.2925679601537924,15,2019/2020,0.29189877378084245,0.0032353952678843
147,2023/2024,1,0.4482392220432197,143,2024/2025,0.44830053583008445,0.00024790876842090137
20,2019/2020,1,0.5934675162038303,279,2019/2020,0.5943827011269484,0.0037946452194059233
20,2024/2025,1,0.44820999162011493,281,2020/2021,0.44808991205731613,0.00048553960533873064
21,2022/2023,1,0.10890755731104719,183,2022/2023,0.10908349843164233,0.001811669091415613
21,2024/2025,1,0.0959226872041129,241,2024/2025,0.09530232104909546,0.007174311576490844
220,2022/2023,1,0.4312377134118842,365,2023/2024,0.42764199989639734,0.014675177651512272
220,2023/2024,1,0.5154694121884035,355,2023/2024,0.5181052634339578,0.010555328113419853
220,2023/2024,1,0.5154694121884035,159,2024/2025,0.5117639642361004,0.014832860774049536
212,2021/2022,3,0.5088524733422675,165,2020/2021,0.509779650946512,0.0037099994264829517
212,2022/2023,3,0.37651068406706734,402,2021/2022,0.3791354967969679,0.011165990861472741
212,2022/2023,3,0.37651068406706734,80,2020/2021,0.37352001475604635,0.012760031546114159
212,2024/2025,3,0.13286815834576332,101,2023/2024,0.1327635087440376,0.0009086076885209682
212,2024/2025,3,0.13286815834576332,97,2021/2022,0.13109071089254082,0.015515515524380685
212,2024/2025,3,0.13286815834576332,205,2022/2023,0.13478770734991385,0.016559786485375927
299,2019/2020,2,0.27899580611797975,257,2021/2022,0.27897023921952135,0.0001271027012212933
299,2020/2021,2,0.4714884556101597,122,2019/2020,0.47389339900418237,0.009648575460604172
299,2020/2021,2,0.4714884556101597,88,2020/2021,0.46857336237896324,0.011702448589849632
157,2020/2021,1,0.3195397580610941,280,2024/2025,0.31947831407365357,0.0002826011239840387
242,2019/2020,1,0.6441878515124156,451,2022/2023,0.6231161189094928,0.09079170368571066
209,2024/2025,3,0.1261630903354379,105,2019/2020,0.1260921636274695,0.000643504485253521
405,2022/2023,1,0.34267731541027474,133,2019/2020,0.3427348560511839,0.00025544256562759493
357,2020/2021,1,0.5760834760688115,152,2020/2021,0.5752188070174373,0.0035397095446900173
357,2021/2022,1,0.5221209831441258,217,2019/2020,0.5260101578202772,0.015592900654347527
357,2021/2022,1,0.5221209831441258,367,2020/2021,0.5261387220981145,0.016108560106806363
357,2022/2023,1,0.6021920333396786,273,2021/2022,0.5991473051623655,0.012693522587551243
357,2022/2023,1,0.6021920333396786,365,2020/2021,0.5916260850155253,0.04391538444263943
357,2022/2023,1,0.6021920333396786,230,2024/2025,0.61504668410147,0.05396911073793331
357,2022/2023,1,0.6021920333396786,149,2023/2024,0.6157485555858163,0.05693455598667596
81,2019/2020,2,0.6147044310707002,345,2020/2021,0.6072129354494809,0.031518916347798576
221,2019/2020,1,0.5293465865274182,505,2024/2025,0.5304552005613412,0.004450373645465466
221,2021/2022,1,0.4663732863107799,264,2019/2020,0.4673576769621384,0.003954932324378241
221,2021/2022,1,0.4663732863107799,266,2019/2020,0.4686503393361931,0.009146845504837381
221,2022/2023,1,0.6342543820795283,223,2020/2021,0.6225433880655127,0.05015434989093015
221,2022/2023,1,0.6342543820795283,223,2023/2024,0.6216649169732509,0.053891085779130876
221,2024/2025,1,0.5049725091601407,487,2024/2025,0.5069132387259192,0.007764024839813255
55,2019/2020,2,0.5255644615349762,255,2023/2024,0.5248024479475931,0.0030558069929636222
370,2023/2024,1,0.6686596878981526,185,2022/2023,0.6876625218201552,0.08708467021737065
370,2024/2025,1,0.28553932884807504,198,2022/2023,0.28645534106652115,0.004485798171577571
67,2022/2023,3,0.2769019832094116,207,2020/2021,0.27705735790660374,0.0007758573892889808
146,2021/2022,1,0.4185257017342123,197,2023/2024,0.4216819320284053,0.012955776311770917
317,2020/2021,2,0.24845571739751768,300,2023/2024,0.2474333786206574,0.005482654587036118
317,2021/2022,2,0.1920502655352769,304,2022/2023,0.1937361997601618,0.010829163447703571
317,2022/2023,2,0.36338286218539323,91,2022/2023,0.36421624296126365,0.0036007045744863575
317,2023/2024,2,0.29213467932065723,57,2024/2025,0.2910503972238463,0.005249079284615821
317,2023/2024,2,0.29213467932065723,319,2019/2020,0.29078344276416745,0.006543189007048977
169,2022/2023,3,0.48545937219202717,206,2023/2024,0.4712746140573549,0.05684929305089017
169,2022/2023,3,0.48545937219202717,286,2021/2022,0.4685622874458432,0.06773803946651175
169,2022/2023,3,0.48545937219202717,443,2024/2025,0.4682453923984355,0.06901070178169671
169,2024/2025,3,0.5359491016354077,101,2022/2023,0.5371478851939063,0.004820895448852419
86,2020/2021,2,0.3635847602563452,3,2020/2021,0.3625257055415916,0.004579775140746145
86,2020/2021,2,0.3635847602563452,259,2019/2020,0.3652497741852704,0.007188651079522379
86,2022/2023,2,0.41774915390348416,384,2021/2022,0.4192643594558791,0.00622622462462058
416,2023/2024,1,0.5416963785066137,362,2021/2022,0.536547941852766,0.020720790459287597
238,2020/2021,1,0.34727816307381265,230,2021/2022,0.34593312852977387,0.0059391300777061895
80,2019/2020,3,0.3177679172830615,207,2024/2025,0.3192374570811681,0.006770249629244107
80,2022/2023,3,0.4123367259330276,288,2022/2023,0.4108130887023301,0.006291321718595366
186,2021/2022,1,0.35925264707306703,228,2020/2021,0.35867154026349024,0.002525362545450882
186,2021/2022,1,0.35925264707306703,277,2019/2020,0.35838410882584426,0.003775142617008176
131,2022/2023,1,0.24032534364823438,235,2020/2021,0.23988368816686528,0.0024206362274645787
171,2019/2020,3,0.1497882293562311,172,2021/2022,0.14935057190879442,0.0034407487160483807
171,2019/2020,3,0.1497882293562311,68,2019/2020,0.15080709604355277,0.007978104931751995
390,2023/2024,3,0.36463610513797423,171,2020/2021,0.36736489586277127,0.011759833056766311
382,2021/2022,2,0.47865929758667836,121,2022/2023,0.47879166356348096,0.0005304242008011412
324,2021/2022,2,0.1298875458298538,8,2020/2021,0.12970652219724077,0.001602691779373
319,2021/2022,2,0.5194936353243033,306,2022/2023,0.5174652488093868,0.008124655201309755
82,2019/2020,2,0.06363701493669391,56,2024/2025,0.06379676991290341,0.0026778906174800277
82,2022/2023,2,0.12944173501301015,259,2020/2021,0.1285317387288214,0.008099745416764392
82,2022/2023,2,0.12944173501301015,57,2021/2022,0.128356263030704,0.009667246741155378
198,2020/2021,1,0.3656809636554466,409,2024/2025,0.3657527789860086,0.00030959148629461364
198,2020/2021,1,0.3656809636554466,40,2021/2022,0.36627950464023085,0.002579488159524246
240,2021/2022,1,0.38876389073123097,369,2024/2025,0.39012514964608663,0.005724932176550512
240,2022/2023,1,0.5955539968223572,278,2022/2023,0.5808022685969979,0.06090617383769065
240,2022/2023,1,0.5955539968223572,229,2022/2023,0.5778610466940539,0.07297491899491676
237,2024/2025,1,0.08935965405543647,32,2019/2020,0.08933493259479336,0.0003038365010845645
237,2024/2025,1,0.08935965405543647,46,2020/2021,0.08915457271343642,0.002522828331560145
53,2020/2021,3,0.15386975940453007,77,2024/2025,0.15262931535554947,0.009559266839483715
53,2020/2021,3,0.15386975940453007,74,2021/2022,0.15235146748566303,0.011709175771821512
53,2023/2024,3,0.24725946038946436,66,2022/2023,0.2470039544460366,0.001373262497996075
41,2020/2021,1,0.5624137923715072,275,2023/2024,0.5730313545742612,0.04326572263698064
41,2020/2021,1,0.5624137923715072,215,2021/2022,0.5740785270361409,0.047547068138595494
41,2020/2021,1,0.5624137923715072,35,2022/2023,0.5777080345808652,0.06240754255959663
41,2022/2023,1,0.4336319498776662,250,2023/2024,0.43544102959640535,0.007362535191075104
41,2022/2023,1,0.4336319498776662,335,2021/2022,0.4366465173738429,0.01226469600266289
318,2019/2020,2,0.1730726845666741,255,2022/2023,0.17298848710700293,0.0005884189763472047
318,2019/2020,2,0.1730726845666741,89,2022/2023,0.17257588559794712,0.00347518869422192
318,2019/2020,2,0.1730726845666741,319,2022/2023,0.17235767143166655,0.005004134530404825
318,2020/2021,2,0.40310014194248417,257,2022/2023,0.40177057179807946,0.005528795666287556
318,2020/2021,2,0.40310014194248417,306,2024/2025,0.39833400139474295,0.01984728377104561
318,2020/2021,2,0.40310014194248417,396,2022/2023,0.40905845695679094,0.024705306908896607
318,2022/2023,2,0.5112928126141384,319,2020/2021,0.5095789429004319,0.006858473332594671
318,2022/2023,2,0.5112928126141384,321,2019/2020,0.5168162617536889,0.02211149284477045
438,2022/2023,3,0.09087897303006959,443,2022/2023,0.08952719088669636,0.016472073430987333
438,2023/2024,3,0.09644799441546424,175,2020/2021,0.09704836037138752,0.006870141449719647
438,2023/2024,3,0.09644799441546424,167,2019/2020,0.09732201729296337,0.00998908804390819
438,2023/2024,3,0.09644799441546424,70,2022/2023,0.097481823037298,0.011806822964040453
144,2022/2023,1,0.06625793311218718,21,2023/2024,0.06659596591067593,0.00545088601704613
178,2020/2021,3,0.08377271110888843,205,2020/2021,0.08473415592822138,0.012461369545275325
410,2023/2024,1,0.46650535173013713,283,2019/2020,0.46916108722400357,0.010667116598892246
351,2023/2024,1,0.3224448518752744,28,2019/2020,0.32264317293861916,0.0009076089766795192
351,2023/2024,1,0.3224448518752744,150,2024/2025,0.3218943589408292,0.0025208454706980854
165,2023/2024,3,0.65466965235274,98,2023/2024,0.648803129917155,0.02584689520653427
455,2024/2025,2,0.4145984513648072,112,2020/2021,0.4136053069013716,0.004093391507317579
325,2020/2021,2,0.2225316192282324,93,2022/2023,0.2235159135528826,0.005680239676401078
325,2022/2023,2,0.5540740451451878,6,2019/2020,0.550929588270864,0.012718098003161177
325,2022/2023,2,0.5540740451451878,94,2019/2020,0.558010650308738,0.015946847107042528
174,2019/2020,3,0.2220358601414623,202,2020/2021,0.22269555039563174,0.00381502253755972
174,2020/2021,3,0.16898009627149926,165,2022/2023,0.1692187651714546,0.0016986530751692541
174,2022/2023,3,0.3530121377411123,95,2019/2020,0.35331269513961017,0.0013157025509652476
174,2022/2023,3,0.3530121377411123,65,2024/2025,0.35144549962450644,0.006866299104474782
174,2022/2023,3,0.3530121377411123,298,2020/2021,0.3509258519550159,0.009146913284363678
483,2024/2025,1,0.4280542137598187,220,2024/2025,0.4275272851794781,0.002152610903237706
74,2023/2024,3,0.14741577027560698,173,2020/2021,0.1462265045325855,0.009494066598276119
340,2022/2023,3,0.23611969766333893,296,2022/2023,0.2372402209573919,0.006202308672432322
340,2024/2025,3,0.4210362296217739,286,2023/2024,0.4226078376451167,0.006443974926158502
340,2024/2025,3,0.4210362296217739,65,2019/2020,0.4177004840415749,0.013699300468845321
379,2023/2024,2,0.24254969278188707,255,2019/2020,0.24287152597283104,0.0017509762188860911
315,2021/2022,2,0.3544539761858445,383,2021/2022,0.3545528194467213,0.00043194922956124593
315,2021/2022,2,0.3544539761858445,257,2020/2021,0.3512687102382497,0.013949109717527719
213,2021/2022,3,0.10321452357713731,100,2019/2020,0.10316856428697023,0.000496626070190409
213,2023/2024,3,0.09090499365684439,110,2022/2023,0.08878607988209505,0.02591313832398523
213,2024/2025,3,0.11216296587446326,290,2020/2021,0.11139299748148965,0.007755264740564094
139,2019/2020,1,0.20744189565254906,278,2020/2021,0.20770285786161205,0.0015865307783393678
139,2024/2025,1,0.13784599369393202,30,2024/2025,0.13792665744735658,0.0006785669527069604
140,2020/2021,1,0.4262751266470225,36,2023/2024,0.42683925194478245,0.002306259902687513
140,2020/2021,1,0.4262751266470225,148,2020/2021,0.4242583905179927,0.008251292487035045
140,2022/2023,1,0.44683420224014603,281,2023/2024,0.44964198711586434,0.011352841054530854
411,2022/2023,1,0.3384868893197248,163,2024/2025,0.33877742999473426,0.0012972858690692979
177,2019/2020,3,0.48321337584928614,206,2021/2022,0.4639961899617919,0.07709318632573499
177,2020/2021,3,0.23669703838815911,476,2023/2024,0.23465938474637507,0.01131193287258725
303,2019/2020,2,0.6076758650789023,88,2022/2023,0.593817106735842,0.0577854135136151
303,2020/2021,2,0.4511628084811469,481,2024/2025,0.4445310504739226,0.026819229561049346
303,2020/2021,2,0.4511628084811469,455,2023/2024,0.458667241607415,0.030264387476604315
274,2019/2020,1,0.551887132731565,418,2024/2025,0.534328433661828,0.07076831721335147
274,2019/2020,1,0.551887132731565,19,2019/2020,0.533926118197245,0.07238511129115993
239,2020/2021,1,0.3990550964327854,184,2019/2020,0.39902365307634907,0.00013111945315252838
239,2022/2023,1,0.40856659837375137,244,2020/2021,0.4087021105716312,0.0005607734261607877
239,2022/2023,1,0.40856659837375137,377,2021/2022,0.40581722466889364,0.011389949703467017
109,2019/2020,3,0.11157262592226111,66,2023/2024,0.11069039138715243,0.008931231856067257
109,2023/2024,3,0.21750955230272176,65,2023/2024,0.2167858034283108,0.004257485612865652
149,2021/2022,1,0.5241931761151667,375,2020/2021,0.5272960668677812,0.012444595752284099
424,2024/2025,2,0.5934625717480475,463,2023/2024,0.5689851965257179,0.1005861683274521
491,2024/2025,2,0.42831789293772443,453,2022/2023,0.4265010061960401,0.007424036346502516
381,2022/2023,2,0.6413783918758089,55,2021/2022,0.6433935595811717,0.008772057434869085
381,2024/2025,2,0.5460358073245132,345,2023/2024,0.5465623541638014,0.0021244030809668135
381,2024/2025,2,0.5460358073245132,60,2021/2022,0.544395973784867,0.006613424242827626
261,2019/2020,2,0.418665140164948,338,2024/2025,0.42131462615202536,0.01087648039139194
3,2019/2020,2,0.3524696214642661,304,2021/2022,0.35108157729168915,0.006087130661102114
142,2023/2024,1,0.3348901165837036,143,2021/2022,0.3351969443589563,0.0013772102349427495
35,2019/2020,1,0.33388847803618354,416,2024/2025,0.3329370826956021,0.004280771188981625
35,2019/2020,1,0.33388847803618354,234,2020/2021,0.33292991720950643,0.0043130352499809455
35,2019/2020,1,0.33388847803618354,334,2020/2021,0.3324976027758248,0.006260263445558634
254,2019/2020,2,0.3535626934087194,1,2023/2024,0.3507461989255687,0.012345423333076533
254,2021/2022,2,0.16269461873220523,302,2022/2023,0.16307948695531135,0.0028225497176772585
4,2020/2021,2,0.42169705501801097,87,2020/2021,0.4216511756832691,0.0001881341080025578
5,2022/2023,2,0.44127919720531233,126,2021/2022,0.44129579907595035,6.733595315058793e-05
5,2022/2023,2,0.44127919720531233,258,2021/2022,0.44202983785884115,0.0030440128725919557
453,2023/2024,2,0.6553593468235717,479,2024/2025,0.6384472863923297,0.07405015347843413
453,2023/2024,2,0.6553593468235717,13,2019/2020,0.6382209217576961,0.07503066563207672
96,2019/2020,3,0.2940593379639103,209,2023/2024,0.29402912737541453,0.0001455355291328786
96,2020/2021,3,0.3749181776490294,99,2024/2025,0.3729898304746771,0.008236857003629638
32,2020/2021,1,0.25701872998257197,154,2020/2021,0.2567103593406876,0.001615477525936937
32,2024/2025,1,0.2367840141662513,229,2023/2024,0.23688170434260217,0.0005404920086777842
28,2022/2023,1,0.2463450761564905,238,2022/2023,0.24614844150394077,0.001059400948550282
28,2022/2023,1,0.2463450761564905,388,2022/2023,0.24569721819494966,0.0034925963146725802
28,2022/2023,1,0.2463450761564905,224,2020/2021,0.2454908286487732,0.004606544015917091
18,2019/2020,1,0.1990704205934893,219,2019/2020,0.19924283260176975,0.0010809987327029535
18,2019/2020,1,0.1990704205934893,365,2024/2025,0.19940180308404332,0.002077098545132827
18,2020/2021,1,0.08205432883653946,38,2022/2023,0.08236498394918683,0.0041173014293716115
18,2020/2021,1,0.08205432883653946,154,2022/2023,0.0824990321723109,0.005889559711281134
18,2024/2025,1,0.11076753056803822,50,2020/2021,0.110800676685589,0.0003364712821314342
19,2022/2023,1,0.47143097407436196,412,2023/2024,0.4730877654836508,0.0066476343391680265
22,2022/2023,1,0.32276756548776747,151,2023/2024,0.3237036657747551,0.004279232697362301
22,2023/2024,1,0.2507777962802301,145,2021/2022,0.25067046364524237,0.000571339061062881
33,2019/2020,1,0.45086090705785664,195,2023/2024,0.4503398763847023,0.00210466714510954
33,2020/2021,1,0.5051599839921224,197,2019/2020,0.5082347271375575,0.012301218425985937
33,2021/2022,1,0.34684022062744524,145,2020/2021,0.34958873694292736,0.012110120899717525
311,2019/2020,2,0.42820667550269315,327,2020/2021,0.42575786406457017,0.010008716953312013
311,2019/2020,2,0.42820667550269315,91,2023/2024,0.43320105821897653,0.020368956655764936
311,2020/2021,2,0.14580577468266762,308,2023/2024,0.14588122944561022,0.0006057063600792834
311,2020/2021,2,0.14580577468266762,371,2024/2025,0.14561002502968629,0.0015725757267504026
311,2021/2022,2,0.6351555603738769,121,2019/2020,0.6340432667501978,0.0047967909724940805
311,2022/2023,2,0.2313117644259004,311,2023/2024,0.23099576668216334,0.0017780483674856296
311,2024/2025,2,0.26046148939473845,56,2022/2023,0.260687380460757,0.0011723918999306804
304,2020/2021,2,0.3397598126810868,461,2024/2025,0.3402521412291271,0.00219395907388209
304,2020/2021,2,0.3397598126810868,313,2024/2025,0.3406207162451014,0.0038354301621021936
304,2023/2024,2,0.24754310878317765,346,2021/2022,0.24457044909162895,0.016024162483278204
304,2024/2025,2,0.43615222043998036,4,2023/2024,0.43471486309926705,0.0058469330804653
202,2019/2020,3,0.6060138793824704,73,2019/2020,0.6139176358696083,0.03322284302323858
202,2023/2024,3,0.37096894813740167,104,2021/2022,0.3683314681104318,0.011319259228195766
202,2023/2024,3,0.37096894813740167,492,2024/2025,0.38092478040897876,0.04243740679364222
202,2023/2024,3,0.37096894813740167,402,2023/2024,0.38556761524591054,0.06207994495983621
312,2020/2021,2,0.44398110801158625,62,2019/2020,0.4398833029363925,0.01661541841769984
312,2023/2024,2,0.5243440351440078,6,2024/2025,0.5269555410894009,0.010473610672315808
99,2019/2020,3,0.5492702425130102,165,2019/2020,0.5402136072435312,0.03652000055634713
99,2019/2020,3,0.5492702425130102,104,2019/2020,0.5279647714460949,0.08574667158367738
59,2020/2021,2,0.23240415681003684,371,2021/2022,0.23404143273123013,0.009155521606451833
59,2023/2024,2,0.4399652842813216,454,2022/2023,0.4223949936876525,0.07164642494483814
100,2020/2021,3,0.3662645788499474,170,2024/2025,0.3509224420865253,0.0667113916463764
97,2022/2023,3,0.4916104413468579,452,2022/2023,0.5031236590795125,0.046056183286718184
97,2022/2023,3,0.4916104413468579,294,2022/2023,0.5051997469722034,0.054361122142769794
106,2021/2022,3,0.5468666817213702,287,2024/2025,0.5248770674170321,0.08842816142304366
222,2024/2025,1,0.05245975125976166,138,2020/2021,0.05262541603439204,0.0033278166553336597
222,2024/2025,1,0.05245975125976166,21,2021/2022,0.051599603117215745,0.01743960970494829
125,2023/2024,2,0.12563713287907197,325,2023/2024,0.12595150997601937,0.002858751710036911
125,2024/2025,2,0.11803231210404494,315,2020/2021,0.11770705124365805,0.003128219296505197
125,2024/2025,2,0.11803231210404494,11,2024/2025,0.11744092642342914,0.005693270219170543
255,2020/2021,2,0.3257885811480365,258,2019/2020,0.32569210332711,0.0004392671879467347
88,2023/2024,2,0.4712647646122591,312,2019/2020,0.4751555229806662,0.015607920116569154
73,2023/2024,3,0.2681547934621223,73,2024/2025,0.26759620036565546,0.002848247683277849
307,2019/2020,2,0.33158839966210274,257,2024/2025,0.3314454946760072,0.0006448389330607762
307,2019/2020,2,0.33158839966210274,126,2019/2020,0.33128798507277685,0.0013557416144404089
307,2020/2021,2,0.5275716670783245,426,2024/2025,0.5272636410768611,0.0012358200449474332
307,2020/2021,2,0.5275716670783245,310,2021/2022,0.5374249864201917,0.039581795935886455
307,2020/2021,2,0.5275716670783245,57,2023/2024,0.5169871126288226,0.0424240470055436
307,2022/2023,2,0.27505047435715263,261,2024/2025,0.2766953339066406,0.008233907016197417
210,2020/2021,3,0.11039151184817687,439,2024/2025,0.10933535875640046,0.010799907641847906
210,2022/2023,3,0.4336735640204796,177,2021/2022,0.4317117617445976,0.007992044835091139
363,2021/2022,3,0.379033006941639,395,2021/2022,0.38628458684603884,0.030697683608925774
16,2022/2023,2,0.13770064181105016,124,2022/2023,0.13802581183161255,0.0027358108251740454
231,2021/2022,1,0.42064831469801983,230,2022/2023,0.4229776320755574,0.009550833556674743
203,2022/2023,3,0.5085667346759623,444,2022/2023,0.510719956055377,0.008616103831961597
328,2021/2022,2,0.5697062954469047,84,2024/2025,0.5658957323547962,0.015527857991489036
189,2022/2023,1,0.28942628236694273,274,2023/2024,0.2905105539569069,0.005266354578898014
245,2019/2020,1,0.3639594548690314,24,2020/2021,0.36327825156257604,0.0029438328365014588
245,2020/2021,1,0.27388696245745453,152,2019/2020,0.27409567362052706,0.0010492212513139032
245,2020/2021,1,0.27388696245745453,50,2023/2024,0.2735344455788197,0.0017732849837338582
245,2021/2022,1,0.3723277709020693,409,2021/2022,0.373102817996326,0.003315021105185667
245,2021/2022,1,0.3723277709020693,190,2020/2021,0.3712612711255684,0.004566214292440196
245,2024/2025,1,0.286708562887962,335,2020/2021,0.2867728978918133,0.00031456508803284766
256,2020/2021,2,0.22016759636371677,301,2022/2023,0.22028248893333088,0.0006690459776843571
287,2022/2023,3,0.43981969047609787,364,2020/2021,0.4443034409199165,0.01817923090936871
287,2023/2024,3,0.24475213410193403,71,2022/2023,0.24456846112810224,0.000993892608861735
190,2022/2023,1,0.19273083118913853,232,2019/2020,0.192641348180606,0.0005752382872366013
89,2023/2024,2,0.4538051721700984,112,2021/2022,0.46236069438859695,0.03446518045595284
288,2023/2024,3,0.2466682361100019,103,2022/2023,0.24818944666371265,0.008169444067824827
182,2019/2020,1,0.4020087219876518,130,2020/2021,0.4015517984622388,0.0019010529781179897
182,2024/2025,1,0.13115550259901365,236,2024/2025,0.1311654820574099,8.757181946439374e-05
188,2023/2024,1,0.08118122237657535,145,2024/2025,0.08121765319698435,0.0004883089492033754
188,2023/2024,1,0.08118122237657535,50,2019/2020,0.08146375860795246,0.003781819482211901
332,2023/2024,1,0.20517200411079722,159,2021/2022,0.2029556923764329,0.01364551708818329
332,2024/2025,1,0.3926120228313843,197,2021/2022,0.39210574286647404,0.0021235385268215112
293,2019/2020,3,0.29273124168348813,464,2024/2025,0.2937668024843904,0.004996581247329934
286,2020/2021,3,0.267046147954786,287,2020/2021,0.2667007765404993,0.0017652332738569143
127,2020/2021,1,0.2752785075660899,388,2023/2024,0.27513701814140723,0.0007093323627229697
127,2021/2022,1,0.3950924535218187,278,2023/2024,0.3949573922031476,0.0005651568659189032
204,2022/2023,3,0.2394604542440237,403,2021/2022,0.24267887247119152,0.01759150746744087
289,2021/2022,3,0.19613670632447222,206,2024/2025,0.19552307217259618,0.0038965738040686038
289,2024/2025,3,0.49912076486282697,295,2019/2020,0.5116800434848201,0.05024561914620014
294,2020/2021,3,0.6826740407039487,103,2024/2025,0.6821787913667544,0.0022851976474932423
294,2023/2024,3,0.4536723463413442,208,2022/2023,0.45732493149204,0.014727068420746614
294,2023/2024,3,0.4536723463413442,339,2020/2021,0.4291991006593875,0.09927588509577448
267,2020/2021,1,0.417229500567496,155,2020/2021,0.42414369151536035,0.028371150624409924
235,2019/2020,1,0.5092441279084307,233,2024/2025,0.5102300653973406,0.003945247444065603
50,2021/2022,1,0.25376851582773474,235,2023/2024,0.25348922468535845,0.0014753792694628398
50,2021/2022,1,0.25376851582773474,185,2021/2022,0.25282897914974667,0.0049674579903296046
201,2022/2023,1,0.45123270023259965,189,2024/2025,0.4521499893186329,0.0037037313986218456
159,2019/2020,1,0.5142462250159735,147,2019/2020,0.511102554190934,0.01258281006229195
159,2019/2020,1,0.5142462250159735,232,2020/2021,0.50148593065108,0.05105658791242484
159,2022/2023,1,0.48025128702745695,336,2024/2025,0.4830625021512829,0.011260044954782014
29,2019/2020,1,0.5025531790768335,355,2021/2022,0.5003603051423839,0.008771584246062284
29,2019/2020,1,0.5025531790768335,48,2024/2025,0.49761397364949433,0.019756982904806975
29,2022/2023,1,0.3085463806792549,39,2023/2024,0.30830974228159885,0.0011094148751541466
29,2022/2023,1,0.3085463806792549,332,2022/2023,0.30786215530197275,0.0032090965601652144
29,2024/2025,1,0.40854632398312724,405,2021/2022,0.3982394815053983,0.04282796350916168
394,2023/2024,3,0.23187644574931798,80,2021/2022,0.23197634751711282,0.0005608156934087116
263,2021/2022,2,0.13836071846962833,379,2020/2021,0.13862940142904845,0.0022518952572334605
263,2023/2024,2,0.14582535954490214,9,2021/2022,0.14522852475983153,0.004799686505079226
53,2021/2022,2,0.23799886291148176,319,2024/2025,0.2378735476023992,0.0006911181164945823
401,2023/2024,1,0.42444831846320286,387,2021/2022,0.43713551983788673,0.05174314753575843
54,2024/2025,2,0.2372561073518255,84,2021/2022,0.23717701459559054,0.0004371097082382924
54,2024/2025,2,0.2372561073518255,87,2024/2025,0.23664822780809128,0.003362058508465493
250,2020/2021,1,0.1570336525557963,141,2019/2020,0.15704394217555798,7.77293040099547e-05
250,2020/2021,1,0.1570336525557963,152,2022/2023,0.1570193768754979,0.00010784745662850703
120,2020/2021,2,0.09482867139525467,313,2023/2024,0.09477257945239988,0.000653649670563361
31,2021/2022,1,0.2931082696323473,40,2023/2024,0.293933590943762,0.003980016760535499
31,2022/2023,1,0.30176366047843095,428,2023/2024,0.30163337742554297,0.0006184032883346235
465,2023/2024,3,0.5332464261026589,359,2022/2023,0.5239789422142236,0.037192811205117304
246,2019/2020,1,0.11209056206415931,38,2021/2022,0.1122621740970394,0.0017231367130512432
246,2019/2020,1,0.11209056206415931,282,2020/2021,0.11182802447685344,0.00264057583574262
398,2022/2023,1,0.3839410747623289,232,2023/2024,0.38423728270434326,0.001252122468872241
141,2024/2025,1,0.13129290116631337,132,2019/2020,0.13140935999938683,0.001020691233843074
468,2024/2025,3,0.06656290397097361,202,2021/2022,0.06767675114708126,0.017789273612392797
60,2022/2023,2,0.5888360488599271,8,2021/2022,0.5650064498659404,0.09764980378435828
60,2023/2024,2,0.46671386376745894,341,2020/2021,0.4652233370771413,0.005989859566241873
111,2021/2022,2,0.5498876177772428,57,2019/2020,0.5498947782652086,2.8929994083271016e-05
78,2022/2023,3,0.31751874053651635,358,2022/2023,0.31600898845322667,0.00697589274699828
78,2022/2023,3,0.31751874053651635,103,2021/2022,0.31479130972787966,0.01261531260214288
78,2023/2024,3,0.517783974262152,441,2024/2025,0.5164689819433622,0.005266150909800926
63,2020/2021,2,0.16616367498780504,262,2024/2025,0.1667658361025842,0.00433977126224816
61,2019/2020,2,0.41677535308623337,316,2022/2023,0.41328169113992824,0.014390314318107389
266,2023/2024,1,0.14271815973803567,50,2024/2025,0.1429334375654253,0.0017584240698249598
266,2023/2024,1,0.14271815973803567,353,2022/2023,0.14208908558386843,0.0051510821403679685
337,2020/2021,2,0.1706519956060734,120,2023/2024,0.17022635763663524,0.0030103908823857495
337,2020/2021,2,0.1706519956060734,315,2024/2025,0.17114473274760922,0.003477521899060143
166,2021/2022,3,0.15590117474524734,343,2022/2023,0.15794064473873579,0.015416059282603145
163,2022/2023,1,0.28069054972665425,239,2019/2020,0.2807296169197965,0.00019348630218207763
163,2023/2024,1,0.5180050622338126,362,2020/2021,0.5314926492559616,0.054086172501442764
25,2019/2020,1,0.2558195740506035,368,2024/2025,0.25579717191019924,0.00011767656425054618
25,2020/2021,1,0.4344503044536111,218,2024/2025,0.4396439347206855,0.02110935406454062
25,2020/2021,1,0.4344503044536111,198,2023/2024,0.43993500105567196,0.022290751152999694
306,2023/2024,2,0.334348613794248,15,2022/2023,0.3339503886963989,0.001789827264283561
377,2022/2023,1,0.4255743864087633,273,2024/2025,0.4407253616970509,0.06171211817830741
377,2022/2023,1,0.4255743864087633,194,2019/2020,0.4416034758238911,0.06527389378455081
247,2019/2020,1,0.11991207115580146,196,2022/2023,0.11994512425906205,0.0003131638172755302
247,2019/2020,1,0.11991207115580146,146,2024/2025,0.12013254692026104,0.002087504041726751
247,2024/2025,1,0.09215108550066883,268,2023/2024,0.09173946659444585,0.004930086401030209
258,2023/2024,2,0.3934293656375726,123,2021/2022,0.3940830077227271,0.0027382013064889965
258,2024/2025,2,0.4339036882754662,113,2024/2025,0.42161213499275724,0.0502172775790094
194,2022/2023,1,0.4195157533431671,152,2021/2022,0.44161587648545286,0.09015491285219415
191,2024/2025,1,0.38599249602351365,214,2020/2021,0.38509883662983746,0.0037723044511596693
192,2024/2025,1,0.41552027914801337,334,2021/2022,0.39693281110255196,0.07707092430417362
192,2024/2025,1,0.41552027914801337,127,2019/2020,0.3962295591731462,0.08000965687502004
26,2020/2021,1,0.271318511659623,46,2019/2020,0.27117234135263046,0.0007394612991112881
26,2023/2024,1,0.38518338833381166,366,2022/2023,0.3849147400216546,0.001134560320240341
92,2021/2022,2,0.46014258507595474,2,2020/2021,0.4633500911507361,0.012905610912011672
92,2021/2022,2,0.46014258507595474,478,2023/2024,0.4636311240721241,0.014035768335838139
48,2022/2023,1,0.4870876681725019,157,2024/2025,0.48600755043050375,0.00432360236435958
64,2021/2022,2,0.4693819002752846,55,2020/2021,0.4752533618084464,0.023558332438410406
225,2021/2022,1,0.18493005002488005,186,2020/2021,0.18490064785677346,0.00019507592757905812
277,2021/2022,1,0.3914686497774338,193,2020/2021,0.3912848021438667,0.00077181728096265
277,2021/2022,1,0.3914686497774338,471,2023/2024,0.39354868649598873,0.008723332926213911
417,2021/2022,1,0.33474133577875487,147,2022/2023,0.3376315006462963,0.01295085155417497
359,2021/2022,3,0.2356200597357654,101,2020/2021,0.2340575635910906,0.008695557046461078
385,2024/2025,1,0.06669801617755705,239,2021/2022,0.06663901622841671,0.0009481890994140763
134,2019/2020,1,0.46182047279746363,506,2024/2025,0.46089731793318583,0.0037148073697053086
134,2019/2020,1,0.46182047279746363,28,2023/2024,0.462815357738873,0.004002273055426053
341,2024/2025,2,0.4822011499623878,381,2023/2024,0.4826963337651173,0.0019831790186769227
335,2022/2023,1,0.3636916367185628,136,2023/2024,0.36258528243451255,0.004783846162426775
46,2021/2022,1,0.12612607098291123,141,2021/2022,0.12629476373471357,0.0015296582512562829
46,2021/2022,1,0.12612607098291123,149,2020/2021,0.12657124848485188,0.004032968360462297
392,2023/2024,2,0.13372086347245304,310,2019/2020,0.13305213951850847,0.0057850929326674905
156,2023/2024,1,0.36198317741669905,281,2021/2022,0.3613148129317216,0.002895120526676176
156,2023/2024,1,0.36198317741669905,418,2021/2022,0.36684582036142904,0.020994600711601752
135,2019/2020,1,0.20314705057588725,353,2024/2025,0.20195603844943485,0.007373590535739938
251,2020/2021,1,0.383782931709526,355,2022/2023,0.3775107077693601,0.026605319399637506
251,2023/2024,1,0.09203447456037916,361,2023/2024,0.09136538541008861,0.008033177953448156
251,2024/2025,1,0.13864714029032532,34,2022/2023,0.13861530061239716,0.00026663582123021
251,2024/2025,1,0.13864714029032532,25,2022/2023,0.13893692037721855,0.002424354393752104
249,2019/2020,1,0.17979070787462018,239,2024/2025,0.18012431845490692,0.002260651315314055
296,2019/2020,3,0.4154803478243736,80,2023/2024,0.4082130811886948,0.030002252715798983
296,2021/2022,3,0.31306478728566833,70,2019/2020,0.31459347689370404,0.007098955065849677
296,2024/2025,3,0.3730937736633634,339,2022/2023,0.38896729608782815,0.06731196353118346
227,2024/2025,1,0.3349352351201736,244,2019/2020,0.3316382286716257,0.014837657085068567
432,2024/2025,3,0.37976733058401085,286,2022/2023,0.3912312726116164,0.04839634118290026
128,2020/2021,1,0.4368559032600625,406,2023/2024,0.44172813857287363,0.019780711104967014
128,2021/2022,1,0.38508181670501496,33,2022/2023,0.375570622986912,0.04035830415058511
110,2021/2022,3,0.19822593637381528,452,2024/2025,0.19955088956694683,0.008315710217933647
58,2019/2020,2,0.0813558833349116,118,2023/2024,0.08152463746384943,0.002255838427048573
58,2019/2020,2,0.0813558833349116,118,2021/2022,0.08107743219933389,0.003731566265988029
58,2024/2025,2,0.2749181701934279,90,2020/2021,0.2729031639262571,0.010131620112059037
314,2019/2020,2,0.2205254627654801,383,2023/2024,0.22068066538105868,0.0009026695982929933
314,2019/2020,2,0.2205254627654801,423,2022/2023,0.22001323975224438,0.002982363424422596
108,2019/2020,3,0.18686369906324268,102,2019/2020,0.18708856649753314,0.0014792348827237234
108,2021/2022,3,0.1540968228722574,378,2021/2022,0.158626385802222,0.03433963148603958
108,2022/2023,3,0.3695525594362932,432,2023/2024,0.34955471134394384,0.08686028119863198
