match_id,home_team,away_team,home_xg,away_xg,home_xgd,home_goals,away_goals,home_shots,away_shots,competition_id,competition_name,season_id,season_name,match_date
3773386,Deportivo Alavés,Barcelona,1.129,2.091,-0.963,0,0,4,25,11,La Liga,90,2020/2021,2020-10-31
3773565,Granada,Barcelona,0.451,1.493,-1.042,0,0,8,14,11,La Liga,90,2020/2021,2021-01-09
3773457,Barcelona,Celta Vigo,2.159,0.73,1.429,0,0,21,4,11,La Liga,90,2020/2021,2021-05-16
3773631,Real Betis,Barcelona,1.395,0.988,0.407,0,0,8,12,11,La Liga,90,2020/2021,2021-02-07
3773665,Osasuna,Barcelona,1.208,1.057,0.151,0,0,10,13,11,La Liga,90,2020/2021,2021-03-06
3773497,Real Madrid,Barcelona,1.322,1.494,-0.173,0,0,14,18,11,La Liga,90,2020/2021,2021-04-10
3773660,Barcelona,Levante UD,2.059,0.736,1.323,0,0,24,6,11,La Liga,90,2020/2021,2020-12-13
3773593,Barcelona,Villarreal,2.687,0.183,2.505,0,0,17,5,11,La Liga,90,2020/2021,2020-09-27
3773466,Celta Vigo,Barcelona,0.466,0.74,-0.273,0,0,10,7,11,La Liga,90,2020/2021,2020-10-01
3773585,Barcelona,Real Madrid,1.249,2.9,-1.651,0,0,10,16,11,La Liga,90,2020/2021,2020-10-24
3773552,Huesca,Barcelona,0.388,2.509,-2.121,0,0,4,20,11,La Liga,90,2020/2021,2021-01-03
3773672,Barcelona,Sevilla,1.653,0.688,0.965,0,0,11,10,11,La Liga,90,2020/2021,2020-10-04
3773587,Getafe,Barcelona,1.652,0.784,0.868,0,0,9,7,11,La Liga,90,2020/2021,2020-10-17
3773656,Atlético Madrid,Barcelona,0.563,0.954,-0.391,0,0,10,13,11,La Liga,90,2020/2021,2020-11-21
3773377,Barcelona,Valencia,2.894,1.638,1.256,0,0,24,11,11,La Liga,90,2020/2021,2020-12-19
3773586,Barcelona,Granada,1.233,0.536,0.697,0,0,16,5,11,La Liga,90,2020/2021,2021-04-29
3773372,Barcelona,Atlético Madrid,0.865,0.556,0.309,0,0,12,10,11,La Liga,90,2020/2021,2021-05-08
3773387,Levante UD,Barcelona,1.017,2.814,-1.797,0,0,16,17,11,La Liga,90,2020/2021,2021-05-11
3773695,Valencia,Barcelona,1.302,3.086,-1.784,0,0,9,14,11,La Liga,90,2020/2021,2021-05-02
3773369,Barcelona,Huesca,0.958,2.102,-1.144,0,0,12,8,11,La Liga,90,2020/2021,2021-03-15
3773661,Barcelona,Getafe,1.62,1.503,0.117,0,0,9,5,11,La Liga,90,2020/2021,2021-04-22
3773597,Real Sociedad,Barcelona,0.681,2.719,-2.038,0,0,10,14,11,La Liga,90,2020/2021,2021-03-21
3773523,Barcelona,Real Sociedad,2.648,1.927,0.721,0,0,14,12,11,La Liga,90,2020/2021,2020-12-16
3773571,Real Valladolid,Barcelona,0.673,3.558,-2.885,0,0,12,21,11,La Liga,90,2020/2021,2020-12-22
3773428,Cádiz,Barcelona,2.295,1.529,0.766,0,0,8,21,11,La Liga,90,2020/2021,2020-12-05
3764661,Athletic Club,Barcelona,0.841,1.472,-0.631,0,0,8,13,11,La Liga,90,2020/2021,2021-01-06
3773526,Barcelona,Deportivo Alavés,2.693,0.609,2.083,0,0,17,6,11,La Liga,90,2020/2021,2021-02-13
3773474,Barcelona,Real Valladolid,1.823,0.355,1.468,0,0,25,7,11,La Liga,90,2020/2021,2021-04-05
3773625,Sevilla,Barcelona,0.089,1.929,-1.84,0,0,3,9,11,La Liga,90,2020/2021,2021-02-27
3773403,Barcelona,Athletic Club,1.729,0.227,1.502,0,0,12,7,11,La Liga,90,2020/2021,2021-01-31
3773547,Barcelona,Osasuna,4.178,1.107,3.071,0,0,20,10,11,La Liga,90,2020/2021,2020-11-29
3773415,Barcelona,Cádiz,2.146,1.084,1.062,0,0,20,3,11,La Liga,90,2020/2021,2021-02-21
3764440,Barcelona,Elche,2.701,0.67,2.031,0,0,9,6,11,La Liga,90,2020/2021,2021-02-24
3773689,Villarreal,Barcelona,1.372,3.323,-1.951,0,0,10,15,11,La Liga,90,2020/2021,2021-04-25
3773477,Barcelona,Real Betis,4.187,1.005,3.181,0,0,17,12,11,La Liga,90,2020/2021,2020-11-07
303731,Barcelona,Eibar,3.977,0.671,3.306,0,0,13,12,11,La Liga,42,2019/2020,2020-02-22
303532,Barcelona,Leganés,1.594,0.757,0.837,0,0,10,6,11,La Liga,42,2019/2020,2020-06-16
303516,Celta Vigo,Barcelona,2.589,1.817,0.772,0,0,10,18,11,La Liga,42,2019/2020,2020-06-27
303596,Barcelona,Real Madrid,0.72,0.954,-0.234,0,0,9,17,11,La Liga,42,2019/2020,2019-12-18
303430,Barcelona,Villarreal,0.612,0.544,0.068,0,0,9,11,11,La Liga,42,2019/2020,2019-09-24
303725,Villarreal,Barcelona,0.913,2.567,-1.655,0,0,10,18,11,La Liga,42,2019/2020,2020-07-05
303504,Levante UD,Barcelona,0.846,2.139,-1.293,0,0,9,10,11,La Liga,42,2019/2020,2019-11-02
303451,Barcelona,Mallorca,3.271,1.05,2.22,0,0,25,9,11,La Liga,42,2019/2020,2019-12-07
303664,Real Sociedad,Barcelona,2.788,1.913,0.875,0,0,19,9,11,La Liga,42,2019/2020,2019-12-14
303682,Barcelona,Levante UD,2.926,1.42,1.506,0,0,23,9,11,La Liga,42,2019/2020,2020-02-02
303400,Valencia,Barcelona,1.283,1.165,0.117,0,0,8,14,11,La Liga,42,2019/2020,2020-01-25
303634,Barcelona,Osasuna,1.013,0.474,0.538,0,0,18,9,11,La Liga,42,2019/2020,2020-07-16
303421,Deportivo Alavés,Barcelona,0.406,2.913,-2.507,0,0,7,16,11,La Liga,42,2019/2020,2020-07-19
303493,Barcelona,Athletic Club,1.675,0.688,0.987,0,0,18,7,11,La Liga,42,2019/2020,2020-06-23
303680,Real Valladolid,Barcelona,0.767,1.227,-0.459,0,0,13,10,11,La Liga,42,2019/2020,2020-07-11
303479,Barcelona,Real Sociedad,1.935,0.659,1.276,0,0,13,10,11,La Liga,42,2019/2020,2020-03-07
303615,Barcelona,Espanyol,1.155,0.764,0.392,0,0,9,11,11,La Liga,42,2019/2020,2020-07-08
303696,Barcelona,Atlético Madrid,1.478,1.988,-0.511,0,0,12,10,11,La Liga,42,2019/2020,2020-06-30
303487,Barcelona,Celta Vigo,1.559,0.268,1.291,0,0,9,6,11,La Liga,42,2019/2020,2019-11-09
303600,Barcelona,Real Valladolid,2.383,0.527,1.856,0,0,18,9,11,La Liga,42,2019/2020,2019-10-29
303548,Mallorca,Barcelona,0.772,2.069,-1.297,0,0,12,12,11,La Liga,42,2019/2020,2020-06-13
303652,Espanyol,Barcelona,0.42,1.476,-1.056,0,0,8,14,11,La Liga,42,2019/2020,2020-01-04
303674,Sevilla,Barcelona,0.524,0.506,0.018,0,0,8,10,11,La Liga,42,2019/2020,2020-06-19
303470,Real Madrid,Barcelona,0.865,1.069,-0.204,0,0,13,9,11,La Liga,42,2019/2020,2020-03-01
303700,Eibar,Barcelona,0.328,1.409,-1.081,0,0,6,9,11,La Liga,42,2019/2020,2019-10-19
303707,Real Betis,Barcelona,1.095,1.434,-0.339,0,0,7,10,11,La Liga,42,2019/2020,2020-02-09
303666,Granada,Barcelona,1.849,0.535,1.314,0,0,9,8,11,La Liga,42,2019/2020,2019-09-21
303715,Leganés,Barcelona,0.351,1.599,-1.247,0,0,9,11,11,La Liga,42,2019/2020,2019-11-23
303377,Barcelona,Getafe,1.657,0.749,0.908,0,0,12,6,11,La Liga,42,2019/2020,2020-02-15
303524,Atlético Madrid,Barcelona,1.215,0.931,0.284,0,0,16,13,11,La Liga,42,2019/2020,2019-12-01
303517,Barcelona,Deportivo Alavés,1.593,0.545,1.047,0,0,8,5,11,La Liga,42,2019/2020,2019-12-21
303610,Barcelona,Granada,1.541,0.219,1.322,0,0,18,5,11,La Liga,42,2019/2020,2020-01-19
303473,Barcelona,Sevilla,1.467,1.725,-0.258,0,0,15,16,11,La Liga,42,2019/2020,2019-10-06
15978,Real Sociedad,Barcelona,0.914,1.398,-0.484,0,0,8,12,11,La Liga,4,2018/2019,2018-09-15
15998,Leganés,Barcelona,1.071,0.552,0.519,0,0,9,9,11,La Liga,4,2018/2019,2018-09-26
16029,Barcelona,Sevilla,2.397,1.689,0.708,0,0,23,19,11,La Liga,4,2018/2019,2018-10-20
16073,Atlético Madrid,Barcelona,0.142,0.296,-0.155,0,0,3,7,11,La Liga,4,2018/2019,2018-11-24
16086,Espanyol,Barcelona,1.225,2.313,-1.089,0,0,15,17,11,La Liga,4,2018/2019,2018-12-08
16190,Sevilla,Barcelona,1.122,1.6,-0.478,0,0,14,17,11,La Liga,4,2018/2019,2019-02-23
16109,Barcelona,Celta Vigo,1.134,0.9,0.235,0,0,9,11,11,La Liga,4,2018/2019,2018-12-22
16120,Getafe,Barcelona,1.591,1.748,-0.157,0,0,10,13,11,La Liga,4,2018/2019,2019-01-06
16182,Barcelona,Real Valladolid,3.662,0.444,3.218,0,0,20,11,11,La Liga,4,2018/2019,2019-02-16
16215,Real Betis,Barcelona,1.008,2.051,-1.043,0,0,13,16,11,La Liga,4,2018/2019,2019-03-17
16173,Athletic Club,Barcelona,1.358,0.495,0.863,0,0,14,10,11,La Liga,4,2018/2019,2019-02-10
16265,Barcelona,Real Sociedad,1.246,0.877,0.369,0,0,11,9,11,La Liga,4,2018/2019,2019-04-20
15946,Barcelona,Deportivo Alavés,2.66,0.292,2.368,0,0,25,3,11,La Liga,4,2018/2019,2018-08-18
16157,Barcelona,Valencia,1.69,2.442,-0.751,0,0,20,13,11,La Liga,4,2018/2019,2019-02-02
16136,Barcelona,Leganés,1.746,0.67,1.076,0,0,15,5,11,La Liga,4,2018/2019,2019-01-20
16248,Barcelona,Atlético Madrid,1.925,0.522,1.403,0,0,20,9,11,La Liga,4,2018/2019,2019-04-06
16056,Barcelona,Real Betis,4.173,2.022,2.151,0,0,20,15,11,La Liga,4,2018/2019,2018-11-11
16289,Barcelona,Levante UD,1.749,0.734,1.015,0,0,23,7,11,La Liga,4,2018/2019,2019-04-27
16079,Barcelona,Villarreal,1.084,0.898,0.186,0,0,15,12,11,La Liga,4,2018/2019,2018-12-02
16149,Girona,Barcelona,1.213,1.907,-0.694,0,0,13,15,11,La Liga,4,2018/2019,2019-01-27
16275,Deportivo Alavés,Barcelona,0.414,2.266,-1.852,0,0,6,16,11,La Liga,4,2018/2019,2019-04-23
15973,Barcelona,Huesca,4.514,1.265,3.249,0,0,30,7,11,La Liga,4,2018/2019,2018-09-02
16317,Eibar,Barcelona,1.478,0.757,0.721,0,0,18,8,11,La Liga,4,2018/2019,2019-05-19
16131,Barcelona,Eibar,1.168,0.965,0.202,0,0,7,16,11,La Liga,4,2018/2019,2019-01-13
16205,Barcelona,Rayo Vallecano,2.619,0.363,2.256,0,0,12,8,11,La Liga,4,2018/2019,2019-03-09
16095,Levante UD,Barcelona,1.165,2.977,-1.812,0,0,20,16,11,La Liga,4,2018/2019,2018-12-16
16306,Barcelona,Getafe,2.04,1.0,1.041,0,0,13,11,11,La Liga,4,2018/2019,2019-05-12
16010,Barcelona,Athletic Club,2.753,0.485,2.268,0,0,20,8,11,La Liga,4,2018/2019,2018-09-29
15986,Barcelona,Girona,1.502,1.069,0.433,0,0,21,7,11,La Liga,4,2018/2019,2018-09-23
16240,Villarreal,Barcelona,2.573,2.295,0.278,0,0,16,15,11,La Liga,4,2018/2019,2019-04-02
16023,Valencia,Barcelona,1.376,0.397,0.979,0,0,10,10,11,La Liga,4,2018/2019,2018-10-07
16196,Real Madrid,Barcelona,1.089,1.261,-0.172,0,0,18,10,11,La Liga,4,2018/2019,2019-03-02
15956,Real Valladolid,Barcelona,0.338,0.758,-0.42,0,0,7,11,11,La Liga,4,2018/2019,2018-08-25
16231,Barcelona,Espanyol,1.06,0.18,0.88,0,0,13,3,11,La Liga,4,2018/2019,2019-03-30
9880,Barcelona,Valencia,1.632,2.219,-0.587,0,0,12,17,11,La Liga,1,2017/2018,2018-04-14
9912,RC Deportivo La Coruña,Barcelona,2.241,3.196,-0.955,0,0,17,21,11,La Liga,1,2017/2018,2018-04-29
9924,Barcelona,Real Madrid,1.014,1.765,-0.752,0,0,11,17,11,La Liga,1,2017/2018,2018-05-06
9855,Barcelona,Athletic Club,1.527,0.635,0.892,0,0,17,10,11,La Liga,1,2017/2018,2018-03-18
9827,Las Palmas,Barcelona,1.239,1.045,0.194,0,0,12,10,11,La Liga,1,2017/2018,2018-03-01
9799,Eibar,Barcelona,0.679,2.81,-2.131,0,0,14,10,11,La Liga,1,2017/2018,2018-02-17
9636,Barcelona,Las Palmas,3.101,0.568,2.533,0,0,22,11,11,La Liga,1,2017/2018,2017-10-01
9609,Barcelona,Eibar,2.001,1.032,0.969,0,0,11,13,11,La Liga,1,2017/2018,2017-09-19
9575,Barcelona,Real Betis,1.164,0.191,0.973,0,0,15,3,11,La Liga,1,2017/2018,2017-08-20
9928,Barcelona,Villarreal,2.911,1.255,1.656,0,0,13,20,11,La Liga,1,2017/2018,2018-05-09
9736,Real Madrid,Barcelona,0.91,3.344,-2.434,0,0,13,18,11,La Liga,1,2017/2018,2017-12-23
9742,Barcelona,Levante UD,2.367,0.684,1.683,0,0,16,9,11,La Liga,1,2017/2018,2018-01-07
9765,Real Betis,Barcelona,0.348,2.219,-1.87,0,0,7,14,11,La Liga,1,2017/2018,2018-01-21
9661,Athletic Club,Barcelona,1.311,2.656,-1.345,0,0,17,17,11,La Liga,1,2017/2018,2017-10-28
9592,Barcelona,Espanyol,3.095,0.468,2.627,0,0,20,9,11,La Liga,1,2017/2018,2017-09-09
9870,Barcelona,Leganés,2.237,0.656,1.581,0,0,12,11,11,La Liga,1,2017/2018,2018-04-07
9783,Espanyol,Barcelona,0.566,0.827,-0.261,0,0,7,13,11,La Liga,1,2017/2018,2018-02-04
9700,Barcelona,Celta Vigo,3.298,1.673,1.625,0,0,22,10,11,La Liga,1,2017/2018,2017-12-02
9860,Sevilla,Barcelona,2.608,2.052,0.556,0,0,21,20,11,La Liga,1,2017/2018,2018-03-31
9695,Valencia,Barcelona,1.1,0.913,0.187,0,0,9,12,11,La Liga,1,2017/2018,2017-11-26
9794,Barcelona,Getafe,0.953,0.395,0.559,0,0,13,10,11,La Liga,1,2017/2018,2018-02-11
9717,Villarreal,Barcelona,0.567,3.222,-2.655,0,0,9,16,11,La Liga,1,2017/2018,2017-12-10
9673,Barcelona,Sevilla,1.873,0.48,1.393,0,0,18,8,11,La Liga,1,2017/2018,2017-11-04
9650,Barcelona,Málaga,1.817,0.72,1.098,0,0,12,13,11,La Liga,1,2017/2018,2017-10-21
9620,Girona,Barcelona,1.086,0.982,0.104,0,0,14,10,11,La Liga,1,2017/2018,2017-09-23
9837,Barcelona,Atlético Madrid,1.089,0.195,0.894,0,0,17,5,11,La Liga,1,2017/2018,2018-03-04
9811,Barcelona,Girona,2.644,0.765,1.879,0,0,21,10,11,La Liga,1,2017/2018,2018-02-24
9642,Atlético Madrid,Barcelona,0.398,1.314,-0.916,0,0,5,15,11,La Liga,1,2017/2018,2017-10-14
9774,Barcelona,Deportivo Alavés,2.239,0.781,1.458,0,0,18,7,11,La Liga,1,2017/2018,2018-01-28
9602,Getafe,Barcelona,0.655,0.556,0.099,0,0,13,7,11,La Liga,1,2017/2018,2017-09-16
9948,Barcelona,Real Sociedad,1.268,0.686,0.583,0,0,12,13,11,La Liga,1,2017/2018,2018-05-20
9682,Leganés,Barcelona,1.283,1.765,-0.482,0,0,18,11,11,La Liga,1,2017/2018,2017-11-18
9581,Deportivo Alavés,Barcelona,0.655,2.213,-1.558,0,0,11,23,11,La Liga,1,2017/2018,2017-08-26
9726,Barcelona,RC Deportivo La Coruña,6.151,0.311,5.841,0,0,23,10,11,La Liga,1,2017/2018,2017-12-17
9754,Real Sociedad,Barcelona,0.856,1.156,-0.3,0,0,13,11,11,La Liga,1,2017/2018,2018-01-14
9889,Celta Vigo,Barcelona,2.411,2.129,0.281,0,0,18,14,11,La Liga,1,2017/2018,2018-04-17
266989,Sevilla,Barcelona,1.414,1.845,-0.431,0,0,15,14,11,La Liga,2,2016/2017,2016-11-06
266357,Osasuna,Barcelona,0.088,3.286,-3.198,0,0,4,17,11,La Liga,2,2016/2017,2016-12-10
267569,Real Madrid,Barcelona,2.683,1.784,0.899,0,0,22,16,11,La Liga,2,2016/2017,2017-04-23
267212,Leganés,Barcelona,1.087,3.352,-2.265,0,0,15,10,11,La Liga,2,2016/2017,2016-09-17
266669,Barcelona,Deportivo Alavés,1.649,0.399,1.25,0,0,17,5,11,La Liga,2,2016/2017,2016-09-10
266892,Athletic Club,Barcelona,0.549,1.81,-1.262,0,0,9,11,11,La Liga,2,2016/2017,2016-08-28
267220,Barcelona,Atlético Madrid,1.035,0.581,0.454,0,0,19,9,11,La Liga,2,2016/2017,2016-09-21
267670,Barcelona,Real Betis,3.527,0.227,3.3,0,0,29,4,11,La Liga,2,2016/2017,2016-08-20
266516,Real Betis,Barcelona,1.289,0.92,0.369,0,0,17,10,11,La Liga,2,2016/2017,2017-01-29
267039,Las Palmas,Barcelona,0.716,1.867,-1.151,0,0,11,11,11,La Liga,2,2016/2017,2017-05-14
266477,Villarreal,Barcelona,0.321,1.376,-1.055,0,0,5,20,11,La Liga,2,2016/2017,2017-01-08
267101,Barcelona,Osasuna,3.661,0.079,3.582,0,0,19,3,11,La Liga,2,2016/2017,2017-04-26
266440,Barcelona,Valencia,3.716,0.983,2.733,0,0,28,6,11,La Liga,2,2016/2017,2017-03-19
266033,Valencia,Barcelona,1.036,1.975,-0.939,0,0,7,15,11,La Liga,2,2016/2017,2016-10-22
267660,RC Deportivo La Coruña,Barcelona,1.569,1.341,0.228,0,0,14,15,11,La Liga,2,2016/2017,2017-03-12
266273,Deportivo Alavés,Barcelona,1.423,2.881,-1.458,0,0,9,22,11,La Liga,2,2016/2017,2017-02-11
267395,Barcelona,Las Palmas,3.381,0.568,2.814,0,0,23,7,11,La Liga,2,2016/2017,2017-01-14
266874,Barcelona,Athletic Club,0.967,0.823,0.145,0,0,16,10,11,La Liga,2,2016/2017,2017-02-04
266731,Eibar,Barcelona,0.609,1.836,-1.227,0,0,14,14,11,La Liga,2,2016/2017,2017-01-22
266528,Barcelona,Espanyol,2.022,0.245,1.777,0,0,14,3,11,La Liga,2,2016/2017,2016-12-18
266280,Barcelona,Sevilla,1.167,0.609,0.558,0,0,13,7,11,La Liga,2,2016/2017,2017-04-05
267432,Barcelona,Eibar,5.022,1.079,3.943,0,0,17,9,11,La Liga,2,2016/2017,2017-05-21
267076,Barcelona,Real Madrid,1.215,1.11,0.105,0,0,12,14,11,La Liga,2,2016/2017,2016-12-03
267590,Málaga,Barcelona,0.869,1.324,-0.455,0,0,8,12,11,La Liga,2,2016/2017,2017-04-08
267373,Barcelona,Real Sociedad,2.543,0.761,1.782,0,0,15,14,11,La Liga,2,2016/2017,2017-04-15
267077,Espanyol,Barcelona,0.411,1.672,-1.261,0,0,6,16,11,La Liga,2,2016/2017,2017-04-29
266952,Barcelona,Villarreal,2.539,0.759,1.78,0,0,20,8,11,La Liga,2,2016/2017,2017-05-06
267464,Atlético Madrid,Barcelona,1.023,1.826,-0.804,0,0,13,15,11,La Liga,2,2016/2017,2017-02-26
266299,Barcelona,Celta Vigo,2.633,0.494,2.139,0,0,19,7,11,La Liga,2,2016/2017,2017-03-04
266191,Real Sociedad,Barcelona,1.77,0.569,1.2,0,0,18,10,11,La Liga,2,2016/2017,2016-11-27
265952,Barcelona,Sporting Gijón,1.794,1.263,0.532,0,0,22,5,11,La Liga,2,2016/2017,2017-03-01
267492,Barcelona,RC Deportivo La Coruña,3.753,0.279,3.474,0,0,25,7,11,La Liga,2,2016/2017,2016-10-15
267596,Barcelona,Leganés,2.14,1.101,1.039,0,0,13,12,11,La Liga,2,2016/2017,2017-02-19
267058,Barcelona,Granada,1.663,0.014,1.649,0,0,15,1,11,La Liga,2,2016/2017,2016-10-29
3825848,Levante UD,Eibar,0.735,0.986,-0.25,0,0,12,10,11,La Liga,27,2015/2016,2015-09-23
3825895,Las Palmas,Sevilla,1.076,1.783,-0.707,0,0,12,16,11,La Liga,27,2015/2016,2015-09-23
3825894,RC Deportivo La Coruña,Getafe,0.661,0.852,-0.191,0,0,15,9,11,La Liga,27,2015/2016,2016-05-01
3825855,Málaga,Levante UD,2.414,1.801,0.613,0,0,24,11,11,La Liga,27,2015/2016,2016-05-02
3825908,Espanyol,Eibar,2.167,2.113,0.055,0,0,10,13,11,La Liga,27,2015/2016,2016-05-15
3825883,Málaga,Las Palmas,2.173,1.679,0.494,0,0,14,12,11,La Liga,27,2015/2016,2016-05-15
3825900,Sporting Gijón,Villarreal,1.717,0.703,1.014,0,0,16,11,11,La Liga,27,2015/2016,2016-05-15
3825902,Rayo Vallecano,Levante UD,1.856,1.603,0.253,0,0,19,11,11,La Liga,27,2015/2016,2016-05-15
3825876,Real Betis,Getafe,1.704,1.39,0.314,0,0,7,14,11,La Liga,27,2015/2016,2016-05-15
3825846,RC Deportivo La Coruña,Real Madrid,0.812,1.835,-1.023,0,0,10,16,11,La Liga,27,2015/2016,2016-05-14
3825869,Athletic Club,Sevilla,1.83,1.235,0.594,0,0,14,8,11,La Liga,27,2015/2016,2016-05-14
3825882,Atlético Madrid,Celta Vigo,1.368,0.455,0.913,0,0,11,7,11,La Liga,27,2015/2016,2016-05-14
3825849,Valencia,Real Sociedad,0.807,1.04,-0.232,0,0,8,15,11,La Liga,27,2015/2016,2016-05-13
3825860,Levante UD,Atlético Madrid,0.825,1.487,-0.662,0,0,11,17,11,La Liga,27,2015/2016,2016-05-08
3825847,Eibar,RC Deportivo La Coruña,0.559,0.391,0.168,0,0,9,9,11,La Liga,27,2015/2016,2016-04-23
3825817,Getafe,Eibar,0.673,2.756,-2.083,0,0,8,20,11,La Liga,27,2015/2016,2016-03-18
3825778,Real Betis,Sporting Gijón,1.582,0.233,1.348,0,0,18,5,11,La Liga,27,2015/2016,2016-02-20
3825777,Levante UD,Getafe,1.874,1.741,0.132,0,0,12,14,11,La Liga,27,2015/2016,2016-02-19
3825740,Eibar,Granada,1.714,0.964,0.75,0,0,12,4,11,La Liga,27,2015/2016,2016-01-18
3825875,Villarreal,Real Sociedad,0.497,0.639,-0.141,0,0,8,7,11,La Liga,27,2015/2016,2016-04-24
3825884,Sevilla,Real Betis,1.054,0.296,0.758,0,0,13,8,11,La Liga,27,2015/2016,2016-04-24
3825842,Levante UD,Athletic Club,0.741,1.157,-0.416,0,0,10,19,11,La Liga,27,2015/2016,2016-04-24
3825890,Atlético Madrid,Málaga,1.322,0.163,1.159,0,0,14,7,11,La Liga,27,2015/2016,2016-04-23
3825871,Las Palmas,Espanyol,1.133,1.888,-0.755,0,0,15,12,11,La Liga,27,2015/2016,2016-04-22
3825896,Granada,Levante UD,3.093,1.04,2.053,0,0,13,14,11,La Liga,27,2015/2016,2016-04-21
3825841,Real Sociedad,Getafe,0.946,1.309,-0.363,0,0,15,7,11,La Liga,27,2015/2016,2016-04-21
3825843,Málaga,Rayo Vallecano,0.988,0.713,0.275,0,0,12,11,11,La Liga,27,2015/2016,2016-04-20
3825839,Sporting Gijón,Sevilla,1.564,1.802,-0.238,0,0,14,18,11,La Liga,27,2015/2016,2016-04-20
3825838,Athletic Club,Atlético Madrid,0.607,0.909,-0.302,0,0,13,8,11,La Liga,27,2015/2016,2016-04-20
3825840,Valencia,Eibar,2.655,0.874,1.781,0,0,9,9,11,La Liga,27,2015/2016,2016-04-20
3825837,Real Betis,Las Palmas,2.237,0.103,2.134,0,0,21,3,11,La Liga,27,2015/2016,2016-04-19
3825836,Rayo Vallecano,Villarreal,1.173,0.583,0.59,0,0,14,7,11,La Liga,27,2015/2016,2016-04-17
3825835,Málaga,Athletic Club,2.0,0.884,1.116,0,0,18,6,11,La Liga,27,2015/2016,2016-04-17
3825834,Atlético Madrid,Granada,1.648,0.669,0.979,0,0,8,11,11,La Liga,27,2015/2016,2016-04-17
3825906,Sevilla,RC Deportivo La Coruña,1.741,0.665,1.076,0,0,12,5,11,La Liga,27,2015/2016,2016-04-17
3825897,Eibar,Real Sociedad,1.176,0.619,0.556,0,0,8,7,11,La Liga,27,2015/2016,2016-04-16
3825889,Celta Vigo,Real Betis,2.087,1.366,0.721,0,0,18,10,11,La Liga,27,2015/2016,2016-04-16
3825833,Getafe,Real Madrid,0.699,3.116,-2.417,0,0,13,22,11,La Liga,27,2015/2016,2016-04-16
3825857,Levante UD,Espanyol,0.835,1.165,-0.33,0,0,12,10,11,La Liga,27,2015/2016,2016-04-15
3825863,RC Deportivo La Coruña,Las Palmas,2.061,1.551,0.51,0,0,19,13,11,La Liga,27,2015/2016,2016-04-11
3825829,Athletic Club,Rayo Vallecano,0.926,1.481,-0.556,0,0,14,12,11,La Liga,27,2015/2016,2016-04-10
3825830,Villarreal,Getafe,1.78,0.99,0.79,0,0,13,17,11,La Liga,27,2015/2016,2016-04-10
3825832,Sporting Gijón,Celta Vigo,0.591,0.98,-0.389,0,0,11,17,11,La Liga,27,2015/2016,2016-04-10
3825831,Valencia,Sevilla,1.724,0.954,0.77,0,0,23,7,11,La Liga,27,2015/2016,2016-04-10
3825828,Espanyol,Atlético Madrid,0.739,0.961,-0.221,0,0,10,14,11,La Liga,27,2015/2016,2016-04-09
3825827,Real Betis,Levante UD,0.396,0.96,-0.564,0,0,7,12,11,La Liga,27,2015/2016,2016-04-09
3825826,Granada,Málaga,0.774,0.901,-0.126,0,0,8,9,11,La Liga,27,2015/2016,2016-04-08
3825825,Levante UD,Sporting Gijón,1.394,1.032,0.362,0,0,17,11,11,La Liga,27,2015/2016,2016-04-04
3825824,Eibar,Villarreal,0.635,2.411,-1.776,0,0,12,8,11,La Liga,27,2015/2016,2016-04-03
3825823,Sevilla,Real Sociedad,2.146,0.308,1.837,0,0,15,8,11,La Liga,27,2015/2016,2016-04-03
3825905,Málaga,Espanyol,1.312,0.282,1.031,0,0,11,6,11,La Liga,27,2015/2016,2016-04-03
3825822,Las Palmas,Valencia,1.971,1.157,0.813,0,0,13,8,11,La Liga,27,2015/2016,2016-04-02
3825821,Espanyol,Athletic Club,1.723,1.12,0.603,0,0,17,13,11,La Liga,27,2015/2016,2016-03-20
3825820,Real Madrid,Sevilla,4.317,1.292,3.026,0,0,26,8,11,La Liga,27,2015/2016,2016-03-20
3825819,Valencia,Celta Vigo,0.993,2.727,-1.734,0,0,14,13,11,La Liga,27,2015/2016,2016-03-20
3825818,Real Sociedad,Las Palmas,0.804,1.498,-0.694,0,0,15,13,11,La Liga,27,2015/2016,2016-03-19
3825887,Granada,Rayo Vallecano,1.364,1.785,-0.421,0,0,11,22,11,La Liga,27,2015/2016,2016-03-19
3825907,Sporting Gijón,Atlético Madrid,1.919,0.309,1.61,0,0,12,4,11,La Liga,27,2015/2016,2016-03-19
3825903,Real Betis,Málaga,1.199,0.858,0.342,0,0,16,14,11,La Liga,27,2015/2016,2016-03-19
3825816,Sevilla,Villarreal,3.896,1.341,2.554,0,0,14,13,11,La Liga,27,2015/2016,2016-03-13
3825815,Levante UD,Valencia,0.99,0.732,0.259,0,0,14,6,11,La Liga,27,2015/2016,2016-03-13
3825858,Rayo Vallecano,Eibar,1.298,0.819,0.479,0,0,12,7,11,La Liga,27,2015/2016,2016-03-12
3825813,Atlético Madrid,RC Deportivo La Coruña,2.045,0.441,1.604,0,0,16,6,11,La Liga,27,2015/2016,2016-03-12
3825814,Celta Vigo,Real Sociedad,0.396,0.745,-0.349,0,0,7,15,11,La Liga,27,2015/2016,2016-03-12
3825812,Málaga,Sporting Gijón,0.449,0.869,-0.42,0,0,13,9,11,La Liga,27,2015/2016,2016-03-11
3825811,Espanyol,Rayo Vallecano,1.674,0.232,1.442,0,0,9,7,11,La Liga,27,2015/2016,2016-03-07
3825807,Valencia,Atlético Madrid,0.497,1.994,-1.497,0,0,10,21,11,La Liga,27,2015/2016,2016-03-06
3825809,Real Betis,Granada,0.661,0.431,0.231,0,0,11,10,11,La Liga,27,2015/2016,2016-03-06
3825810,Real Sociedad,Levante UD,1.651,0.302,1.349,0,0,15,10,11,La Liga,27,2015/2016,2016-03-06
3825808,Sporting Gijón,Athletic Club,0.356,1.076,-0.721,0,0,5,11,11,La Liga,27,2015/2016,2016-03-06
3825804,RC Deportivo La Coruña,Málaga,2.818,0.747,2.072,0,0,15,5,11,La Liga,27,2015/2016,2016-03-05
3825867,Getafe,Sevilla,1.089,0.394,0.695,0,0,14,7,11,La Liga,27,2015/2016,2016-03-05
3825805,Villarreal,Las Palmas,0.998,0.49,0.508,0,0,12,10,11,La Liga,27,2015/2016,2016-03-05
3825784,Atlético Madrid,Villarreal,0.709,0.346,0.362,0,0,12,5,11,La Liga,27,2015/2016,2016-02-21
3825782,Granada,Valencia,1.819,1.436,0.384,0,0,15,11,11,La Liga,27,2015/2016,2016-02-21
3825757,Real Madrid,Espanyol,2.399,1.479,0.92,0,0,18,15,11,La Liga,27,2015/2016,2016-01-31
3825641,Athletic Club,Sporting Gijón,2.891,0.182,2.709,0,0,20,6,11,La Liga,27,2015/2016,2015-10-26
3825803,Granada,Sporting Gijón,2.003,0.105,1.898,0,0,14,4,11,La Liga,27,2015/2016,2016-03-03
3825800,Celta Vigo,Villarreal,0.643,0.646,-0.003,0,0,11,6,11,La Liga,27,2015/2016,2016-03-02
3825801,Sevilla,Eibar,1.719,1.072,0.646,0,0,15,12,11,La Liga,27,2015/2016,2016-03-02
3825799,Málaga,Valencia,0.434,1.399,-0.965,0,0,10,12,11,La Liga,27,2015/2016,2016-03-02
3825797,Athletic Club,RC Deportivo La Coruña,2.806,1.138,1.668,0,0,13,8,11,La Liga,27,2015/2016,2016-03-02
3825798,Levante UD,Real Madrid,1.211,1.992,-0.781,0,0,12,21,11,La Liga,27,2015/2016,2016-03-02
3825796,Las Palmas,Getafe,2.206,0.524,1.683,0,0,12,10,11,La Liga,27,2015/2016,2016-03-01
3825795,Atlético Madrid,Real Sociedad,2.181,0.87,1.31,0,0,14,7,11,La Liga,27,2015/2016,2016-03-01
3825793,Valencia,Athletic Club,1.226,1.539,-0.313,0,0,9,13,11,La Liga,27,2015/2016,2016-02-28
3825792,RC Deportivo La Coruña,Granada,1.052,1.438,-0.387,0,0,14,10,11,La Liga,27,2015/2016,2016-02-28
3825794,Villarreal,Levante UD,1.067,0.694,0.373,0,0,9,8,11,La Liga,27,2015/2016,2016-02-28
3825788,Getafe,Celta Vigo,0.667,1.035,-0.368,0,0,14,9,11,La Liga,27,2015/2016,2016-02-27
3825791,Real Betis,Rayo Vallecano,2.159,0.993,1.166,0,0,20,11,11,La Liga,27,2015/2016,2016-02-27
3825790,Sporting Gijón,Espanyol,2.165,1.109,1.056,0,0,14,12,11,La Liga,27,2015/2016,2016-02-27
3825787,Real Madrid,Atlético Madrid,0.804,0.748,0.056,0,0,15,10,11,La Liga,27,2015/2016,2016-02-27
3825789,Real Sociedad,Málaga,0.875,1.263,-0.388,0,0,11,8,11,La Liga,27,2015/2016,2016-02-27
3825786,Eibar,Las Palmas,0.31,0.715,-0.404,0,0,10,12,11,La Liga,27,2015/2016,2016-02-26
3825781,Rayo Vallecano,Sevilla,1.737,3.844,-2.107,0,0,14,16,11,La Liga,27,2015/2016,2016-02-21
3825785,Málaga,Real Madrid,1.565,1.598,-0.033,0,0,11,14,11,La Liga,27,2015/2016,2016-02-21
3825783,Athletic Club,Real Sociedad,0.799,0.633,0.166,0,0,10,9,11,La Liga,27,2015/2016,2016-02-21
3825780,Espanyol,RC Deportivo La Coruña,2.462,0.943,1.519,0,0,16,17,11,La Liga,27,2015/2016,2016-02-20
3825779,Celta Vigo,Eibar,2.266,1.359,0.907,0,0,14,7,11,La Liga,27,2015/2016,2016-02-20
3825773,Eibar,Levante UD,3.259,0.65,2.608,0,0,17,8,11,La Liga,27,2015/2016,2016-02-14
3825776,Sevilla,Las Palmas,1.555,0.575,0.981,0,0,9,11,11,La Liga,27,2015/2016,2016-02-14
3825775,Real Sociedad,Granada,2.41,1.21,1.199,0,0,12,14,11,La Liga,27,2015/2016,2016-02-14
3825769,Villarreal,Málaga,0.795,0.418,0.377,0,0,12,7,11,La Liga,27,2015/2016,2016-02-13
3825770,Real Madrid,Athletic Club,1.869,1.681,0.188,0,0,19,11,11,La Liga,27,2015/2016,2016-02-13
3825768,Sporting Gijón,Rayo Vallecano,1.725,1.512,0.213,0,0,11,16,11,La Liga,27,2015/2016,2016-02-12
3825736,Valencia,Rayo Vallecano,0.97,1.695,-0.725,0,0,13,18,11,La Liga,27,2015/2016,2016-01-17
3825731,Las Palmas,Málaga,0.35,1.35,-0.999,0,0,5,11,11,La Liga,27,2015/2016,2016-01-10
3825685,Sporting Gijón,Las Palmas,3.01,0.541,2.469,0,0,22,12,11,La Liga,27,2015/2016,2015-12-06
3825678,Eibar,Real Madrid,0.335,2.464,-2.128,0,0,8,17,11,La Liga,27,2015/2016,2015-11-29
3825643,Real Madrid,Las Palmas,2.513,0.923,1.59,0,0,17,8,11,La Liga,27,2015/2016,2015-10-31
3825642,RC Deportivo La Coruña,Atlético Madrid,0.679,1.372,-0.692,0,0,7,12,11,La Liga,27,2015/2016,2015-10-30
3825638,Atlético Madrid,Valencia,1.991,0.866,1.125,0,0,16,7,11,La Liga,27,2015/2016,2015-10-25
3825614,Granada,RC Deportivo La Coruña,0.614,1.004,-0.39,0,0,10,14,11,La Liga,27,2015/2016,2015-10-03
3825612,Getafe,Levante UD,1.128,0.502,0.626,0,0,15,10,11,La Liga,27,2015/2016,2015-09-27
3825607,Villarreal,Atlético Madrid,0.669,0.605,0.064,0,0,5,10,11,La Liga,27,2015/2016,2015-09-26
3825595,Villarreal,Athletic Club,1.554,0.983,0.571,0,0,14,10,11,La Liga,27,2015/2016,2015-09-20
3825579,Sevilla,Atlético Madrid,1.619,1.09,0.528,0,0,25,17,11,La Liga,27,2015/2016,2015-08-30
3825572,Real Madrid,Real Betis,2.095,1.094,1.001,0,0,21,7,11,La Liga,27,2015/2016,2015-08-29
3825774,Getafe,Atlético Madrid,0.436,0.936,-0.5,0,0,12,6,11,La Liga,27,2015/2016,2016-02-14
3825772,Valencia,Espanyol,1.309,3.528,-2.219,0,0,18,20,11,La Liga,27,2015/2016,2016-02-13
3825771,RC Deportivo La Coruña,Real Betis,3.141,0.338,2.804,0,0,26,4,11,La Liga,27,2015/2016,2016-02-13
3825767,Espanyol,Real Sociedad,0.316,1.656,-1.341,0,0,5,12,11,La Liga,27,2015/2016,2016-02-08
3825706,Celta Vigo,Athletic Club,0.448,1.176,-0.728,0,0,7,13,11,La Liga,27,2015/2016,2015-12-30
3825712,Getafe,RC Deportivo La Coruña,0.957,0.303,0.654,0,0,14,10,11,La Liga,27,2015/2016,2015-12-30
3825708,Levante UD,Málaga,0.324,1.571,-1.247,0,0,7,10,11,La Liga,27,2015/2016,2015-12-30
3825707,Las Palmas,Granada,1.431,0.761,0.669,0,0,7,12,11,La Liga,27,2015/2016,2015-12-30
3825705,Eibar,Sporting Gijón,1.122,0.472,0.65,0,0,15,6,11,La Liga,27,2015/2016,2015-12-30
3825711,Rayo Vallecano,Atlético Madrid,0.517,2.107,-1.59,0,0,10,19,11,La Liga,27,2015/2016,2015-12-30
3825703,Athletic Club,Levante UD,2.112,0.319,1.792,0,0,19,6,11,La Liga,27,2015/2016,2015-12-20
3825700,Real Madrid,Rayo Vallecano,5.143,0.643,4.501,0,0,30,9,11,La Liga,27,2015/2016,2015-12-20
3825701,Málaga,Atlético Madrid,1.117,0.585,0.532,0,0,17,6,11,La Liga,27,2015/2016,2015-12-20
3825702,Real Sociedad,Villarreal,1.153,1.0,0.153,0,0,17,7,11,La Liga,27,2015/2016,2015-12-20
3825704,Granada,Celta Vigo,0.334,2.14,-1.806,0,0,11,10,11,La Liga,27,2015/2016,2015-12-20
3825891,Espanyol,Las Palmas,1.531,1.169,0.362,0,0,13,9,11,La Liga,27,2015/2016,2015-12-19
3825699,Real Betis,Sevilla,0.33,1.095,-0.765,0,0,13,9,11,La Liga,27,2015/2016,2015-12-19
3825697,Valencia,Getafe,1.305,0.508,0.797,0,0,12,9,11,La Liga,27,2015/2016,2015-12-19
3825698,RC Deportivo La Coruña,Eibar,1.78,0.662,1.119,0,0,14,13,11,La Liga,27,2015/2016,2015-12-19
3825694,Eibar,Valencia,2.615,0.386,2.229,0,0,14,6,11,La Liga,27,2015/2016,2015-12-13
3825693,Atlético Madrid,Athletic Club,0.397,1.317,-0.92,0,0,8,10,11,La Liga,27,2015/2016,2015-12-13
3825696,Rayo Vallecano,Málaga,1.009,1.054,-0.045,0,0,13,15,11,La Liga,27,2015/2016,2015-12-13
3825695,Villarreal,Real Madrid,0.938,1.488,-0.55,0,0,7,20,11,La Liga,27,2015/2016,2015-12-13
3825689,Celta Vigo,Espanyol,1.191,0.223,0.968,0,0,15,6,11,La Liga,27,2015/2016,2015-12-12
3825690,Las Palmas,Real Betis,1.226,0.458,0.768,0,0,16,8,11,La Liga,27,2015/2016,2015-12-12
3825692,Sevilla,Sporting Gijón,2.013,0.102,1.912,0,0,18,4,11,La Liga,27,2015/2016,2015-12-12
3825691,Levante UD,Granada,0.428,0.764,-0.336,0,0,7,8,11,La Liga,27,2015/2016,2015-12-12
3825688,Getafe,Real Sociedad,0.46,1.594,-1.134,0,0,9,10,11,La Liga,27,2015/2016,2015-12-11
3825687,Espanyol,Levante UD,0.94,0.99,-0.05,0,0,9,12,11,La Liga,27,2015/2016,2015-12-07
3825683,Real Sociedad,Eibar,2.112,0.688,1.424,0,0,10,6,11,La Liga,27,2015/2016,2015-12-06
3825686,Athletic Club,Málaga,0.649,0.564,0.086,0,0,11,7,11,La Liga,27,2015/2016,2015-12-06
3825684,Villarreal,Rayo Vallecano,1.536,0.211,1.325,0,0,14,8,11,La Liga,27,2015/2016,2015-12-06
3825681,Real Madrid,Getafe,1.383,0.29,1.094,0,0,16,7,11,La Liga,27,2015/2016,2015-12-05
3825682,Granada,Atlético Madrid,0.879,1.348,-0.469,0,0,18,13,11,La Liga,27,2015/2016,2015-12-05
3825680,RC Deportivo La Coruña,Sevilla,0.777,1.128,-0.351,0,0,8,9,11,La Liga,27,2015/2016,2015-12-05
3825675,Rayo Vallecano,Athletic Club,1.607,2.26,-0.653,0,0,15,10,11,La Liga,27,2015/2016,2015-11-29
3825676,Getafe,Villarreal,1.48,0.433,1.047,0,0,12,7,11,La Liga,27,2015/2016,2015-11-29
3825674,Atlético Madrid,Espanyol,1.847,0.206,1.641,0,0,21,4,11,La Liga,27,2015/2016,2015-11-28
3825673,Las Palmas,RC Deportivo La Coruña,0.425,2.056,-1.631,0,0,8,10,11,La Liga,27,2015/2016,2015-11-28
3825671,Celta Vigo,Sporting Gijón,1.548,0.821,0.727,0,0,6,8,11,La Liga,27,2015/2016,2015-11-28
3825672,Málaga,Granada,1.747,0.548,1.199,0,0,12,11,11,La Liga,27,2015/2016,2015-11-28
3825670,Levante UD,Real Betis,1.431,0.862,0.569,0,0,14,11,11,La Liga,27,2015/2016,2015-11-27
3825669,Getafe,Rayo Vallecano,0.659,1.723,-1.064,0,0,15,8,11,La Liga,27,2015/2016,2015-11-23
3825668,Sporting Gijón,Levante UD,2.405,2.297,0.108,0,0,14,13,11,La Liga,27,2015/2016,2015-11-22
3825666,Real Betis,Atlético Madrid,0.291,2.065,-1.773,0,0,7,11,11,La Liga,27,2015/2016,2015-11-22
3825665,Granada,Athletic Club,0.608,1.17,-0.562,0,0,8,12,11,La Liga,27,2015/2016,2015-11-22
3825667,Villarreal,Eibar,1.715,2.664,-0.949,0,0,12,17,11,La Liga,27,2015/2016,2015-11-22
3825664,Real Sociedad,Sevilla,0.995,1.097,-0.102,0,0,14,13,11,La Liga,27,2015/2016,2015-11-21
3825662,RC Deportivo La Coruña,Celta Vigo,1.078,1.135,-0.058,0,0,5,7,11,La Liga,27,2015/2016,2015-11-21
3825888,Valencia,Las Palmas,1.516,1.635,-0.119,0,0,9,18,11,La Liga,27,2015/2016,2015-11-21
3825663,Espanyol,Málaga,0.874,1.169,-0.295,0,0,8,15,11,La Liga,27,2015/2016,2015-11-21
3825659,Athletic Club,Espanyol,0.518,0.461,0.057,0,0,8,5,11,La Liga,27,2015/2016,2015-11-08
3825658,Atlético Madrid,Sporting Gijón,1.354,0.453,0.901,0,0,15,9,11,La Liga,27,2015/2016,2015-11-08
3825660,Barcelona,Villarreal,2.87,0.326,2.544,0,0,20,5,11,La Liga,27,2015/2016,2015-11-08
3825661,Sevilla,Real Madrid,1.998,1.634,0.364,0,0,15,28,11,La Liga,27,2015/2016,2015-11-08
3825656,Levante UD,RC Deportivo La Coruña,1.53,0.564,0.966,0,0,17,9,11,La Liga,27,2015/2016,2015-11-07
3825657,Málaga,Real Betis,0.805,0.793,0.012,0,0,12,7,11,La Liga,27,2015/2016,2015-11-07
3825652,Las Palmas,Real Sociedad,0.975,0.754,0.221,0,0,9,11,11,La Liga,27,2015/2016,2015-11-06
3825623,Valencia,Málaga,1.601,1.619,-0.017,0,0,7,10,11,La Liga,27,2015/2016,2015-10-17
3825626,Real Betis,Espanyol,1.88,1.406,0.473,0,0,21,12,11,La Liga,27,2015/2016,2015-10-17
3825616,Málaga,Real Sociedad,1.57,1.188,0.382,0,0,11,13,11,La Liga,27,2015/2016,2015-10-03
3825608,Eibar,Celta Vigo,1.478,1.294,0.183,0,0,11,9,11,La Liga,27,2015/2016,2015-09-26
3825601,Rayo Vallecano,Sporting Gijón,3.22,0.545,2.675,0,0,18,6,11,La Liga,27,2015/2016,2015-09-23
3825899,Getafe,Valencia,2.988,0.605,2.383,0,0,18,5,11,La Liga,27,2015/2016,2016-04-24
3825852,Las Palmas,Sporting Gijón,0.442,1.216,-0.774,0,0,10,12,11,La Liga,27,2015/2016,2016-04-16
3825647,Valencia,Levante UD,2.572,0.843,1.729,0,0,14,10,11,La Liga,27,2015/2016,2015-10-31
3825637,Barcelona,Eibar,1.711,0.778,0.933,0,0,14,7,11,La Liga,27,2015/2016,2015-10-25
3825628,Getafe,Las Palmas,2.796,0.542,2.254,0,0,14,16,11,La Liga,27,2015/2016,2015-10-18
3825619,Levante UD,Villarreal,0.672,0.152,0.52,0,0,14,3,11,La Liga,27,2015/2016,2015-10-04
3825618,Las Palmas,Eibar,1.252,1.377,-0.126,0,0,18,9,11,La Liga,27,2015/2016,2015-10-03
3825611,RC Deportivo La Coruña,Espanyol,1.853,0.51,1.342,0,0,14,7,11,La Liga,27,2015/2016,2015-09-27
3825609,Real Sociedad,Athletic Club,1.242,0.611,0.63,0,0,15,10,11,La Liga,27,2015/2016,2015-09-27
3825598,Atlético Madrid,Getafe,1.094,0.479,0.615,0,0,11,6,11,La Liga,27,2015/2016,2015-09-22
3825584,Granada,Villarreal,1.028,1.06,-0.032,0,0,14,9,11,La Liga,27,2015/2016,2015-09-13
3825570,Granada,Eibar,1.191,2.271,-1.081,0,0,13,10,11,La Liga,27,2015/2016,2015-08-24
3825562,Málaga,Sevilla,1.088,1.415,-0.326,0,0,26,10,11,La Liga,27,2015/2016,2015-08-21
3825904,Eibar,Real Betis,2.393,1.061,1.333,0,0,22,6,11,La Liga,27,2015/2016,2016-05-08
3825901,Real Madrid,Valencia,2.108,1.83,0.279,0,0,15,17,11,La Liga,27,2015/2016,2016-05-08
3825898,Celta Vigo,RC Deportivo La Coruña,0.37,1.213,-0.844,0,0,9,7,11,La Liga,27,2015/2016,2016-04-02
3825893,Real Madrid,Villarreal,1.406,0.282,1.124,0,0,20,5,11,La Liga,27,2015/2016,2016-04-20
3825892,Granada,Real Sociedad,0.461,2.189,-1.729,0,0,11,8,11,La Liga,27,2015/2016,2015-09-22
3825886,Rayo Vallecano,Real Madrid,1.361,1.663,-0.301,0,0,11,16,11,La Liga,27,2015/2016,2016-04-23
3825885,Rayo Vallecano,Getafe,3.063,1.233,1.83,0,0,15,15,11,La Liga,27,2015/2016,2016-04-01
3825881,Granada,Espanyol,0.404,0.661,-0.257,0,0,8,10,11,La Liga,27,2015/2016,2016-03-14
3825880,RC Deportivo La Coruña,Levante UD,0.911,0.566,0.346,0,0,14,7,11,La Liga,27,2015/2016,2016-03-19
3825879,Las Palmas,Real Madrid,1.447,1.005,0.441,0,0,15,12,11,La Liga,27,2015/2016,2016-03-13
3825878,Atlético Madrid,Rayo Vallecano,0.744,0.787,-0.043,0,0,12,13,11,La Liga,27,2015/2016,2016-04-30
3825877,Athletic Club,Granada,1.729,0.565,1.163,0,0,8,9,11,La Liga,27,2015/2016,2016-04-03
3825874,Sevilla,Getafe,4.075,0.292,3.783,0,0,22,6,11,La Liga,27,2015/2016,2015-10-24
3825873,Valencia,Villarreal,0.32,1.045,-0.724,0,0,7,8,11,La Liga,27,2015/2016,2016-05-01
3825872,Atlético Madrid,Real Betis,4.037,0.797,3.24,0,0,17,8,11,La Liga,27,2015/2016,2016-04-02
3825870,Athletic Club,Celta Vigo,1.415,0.438,0.977,0,0,11,5,11,La Liga,27,2015/2016,2016-05-01
3825868,Celta Vigo,Granada,2.09,0.914,1.175,0,0,16,12,11,La Liga,27,2015/2016,2016-04-25
3825866,Las Palmas,Athletic Club,0.187,0.382,-0.195,0,0,4,9,11,La Liga,27,2015/2016,2016-05-08
3825865,Getafe,Sporting Gijón,1.402,0.612,0.79,0,0,19,9,11,La Liga,27,2015/2016,2016-05-08
3825864,Real Sociedad,Real Madrid,0.446,1.16,-0.714,0,0,11,18,11,La Liga,27,2015/2016,2016-04-30
3825862,Espanyol,Celta Vigo,0.902,0.357,0.545,0,0,9,3,11,La Liga,27,2015/2016,2016-04-19
3825861,Real Sociedad,Rayo Vallecano,1.338,1.294,0.044,0,0,12,17,11,La Liga,27,2015/2016,2016-05-08
3825859,Granada,Las Palmas,1.398,1.308,0.09,0,0,14,11,11,La Liga,27,2015/2016,2016-04-30
3825856,Real Madrid,Eibar,2.474,1.315,1.159,0,0,15,9,11,La Liga,27,2015/2016,2016-04-09
3825854,Sporting Gijón,Eibar,0.346,0.701,-0.355,0,0,3,12,11,La Liga,27,2015/2016,2016-04-29
3825853,Sevilla,Granada,1.303,1.971,-0.668,0,0,12,11,11,La Liga,27,2015/2016,2016-05-08
3825851,Villarreal,RC Deportivo La Coruña,0.634,0.443,0.191,0,0,11,8,11,La Liga,27,2015/2016,2016-05-08
3825850,Celta Vigo,Málaga,1.568,0.824,0.744,0,0,12,13,11,La Liga,27,2015/2016,2016-05-08
3825845,Espanyol,Sevilla,1.507,0.381,1.126,0,0,12,7,11,La Liga,27,2015/2016,2016-05-01
3825844,Athletic Club,Real Betis,2.147,0.747,1.401,0,0,19,3,11,La Liga,27,2015/2016,2016-03-13
3825806,Real Madrid,Celta Vigo,1.92,1.401,0.519,0,0,20,8,11,La Liga,27,2015/2016,2016-03-05
3825802,Espanyol,Real Betis,1.316,1.249,0.066,0,0,19,9,11,La Liga,27,2015/2016,2016-03-03
3825679,Real Betis,Celta Vigo,2.463,0.486,1.977,0,0,28,5,11,La Liga,27,2015/2016,2015-12-05
3825655,Rayo Vallecano,Granada,1.065,0.607,0.458,0,0,7,8,11,La Liga,27,2015/2016,2015-11-07
3825654,Celta Vigo,Valencia,1.357,1.657,-0.3,0,0,17,9,11,La Liga,27,2015/2016,2015-11-07
3825653,Eibar,Getafe,2.243,0.566,1.677,0,0,16,9,11,La Liga,27,2015/2016,2015-11-07
3825651,Espanyol,Granada,1.973,0.75,1.223,0,0,9,10,11,La Liga,27,2015/2016,2015-11-01
3825650,Real Betis,Athletic Club,1.304,3.135,-1.832,0,0,11,23,11,La Liga,27,2015/2016,2015-11-01
3825649,Sporting Gijón,Málaga,1.156,0.686,0.47,0,0,9,13,11,La Liga,27,2015/2016,2015-11-01
3825648,Eibar,Rayo Vallecano,1.423,0.434,0.988,0,0,11,6,11,La Liga,27,2015/2016,2015-11-01
3825765,Celta Vigo,Sevilla,1.602,0.828,0.774,0,0,25,9,11,La Liga,27,2015/2016,2016-02-07
3825766,Real Betis,Valencia,1.032,1.021,0.011,0,0,6,7,11,La Liga,27,2015/2016,2016-02-07
3825764,Granada,Real Madrid,0.805,1.956,-1.151,0,0,14,14,11,La Liga,27,2015/2016,2016-02-07
3825760,Atlético Madrid,Eibar,2.112,0.358,1.754,0,0,13,6,11,La Liga,27,2015/2016,2016-02-06
3825763,Rayo Vallecano,Las Palmas,2.549,0.446,2.103,0,0,19,9,11,La Liga,27,2015/2016,2016-02-06
3825761,Athletic Club,Villarreal,0.691,0.303,0.388,0,0,10,2,11,La Liga,27,2015/2016,2016-02-06
3825762,Sporting Gijón,RC Deportivo La Coruña,0.916,0.292,0.624,0,0,11,5,11,La Liga,27,2015/2016,2016-02-06
3825759,Málaga,Getafe,1.98,0.391,1.589,0,0,9,5,11,La Liga,27,2015/2016,2016-02-05
3825758,RC Deportivo La Coruña,Rayo Vallecano,1.238,1.494,-0.256,0,0,17,7,11,La Liga,27,2015/2016,2016-02-01
3825756,Sevilla,Levante UD,2.248,0.823,1.426,0,0,14,22,11,La Liga,27,2015/2016,2016-01-31
3825755,Valencia,Sporting Gijón,2.907,1.494,1.413,0,0,18,9,11,La Liga,27,2015/2016,2016-01-31
3825754,Las Palmas,Celta Vigo,1.695,0.564,1.131,0,0,13,5,11,La Liga,27,2015/2016,2016-01-31
3825750,Real Sociedad,Real Betis,0.535,1.151,-0.615,0,0,11,8,11,La Liga,27,2015/2016,2016-01-30
3825752,Eibar,Málaga,0.928,1.334,-0.405,0,0,11,7,11,La Liga,27,2015/2016,2016-01-30
3825751,Getafe,Athletic Club,1.412,1.458,-0.047,0,0,11,14,11,La Liga,27,2015/2016,2016-01-30
3825753,Villarreal,Granada,2.224,0.681,1.542,0,0,13,8,11,La Liga,27,2015/2016,2016-01-30
3825749,Levante UD,Las Palmas,1.69,1.068,0.622,0,0,12,13,11,La Liga,27,2015/2016,2016-01-25
3825747,Athletic Club,Eibar,0.93,2.022,-1.093,0,0,10,9,11,La Liga,27,2015/2016,2016-01-24
3825748,Atlético Madrid,Sevilla,1.261,0.311,0.949,0,0,21,7,11,La Liga,27,2015/2016,2016-01-24
3825745,RC Deportivo La Coruña,Valencia,1.102,0.973,0.128,0,0,8,10,11,La Liga,27,2015/2016,2016-01-24
3825746,Real Betis,Real Madrid,0.38,3.31,-2.929,0,0,5,20,11,La Liga,27,2015/2016,2016-01-24
3825743,Rayo Vallecano,Celta Vigo,3.114,0.181,2.932,0,0,26,3,11,La Liga,27,2015/2016,2016-01-23
3825744,Espanyol,Villarreal,1.058,1.07,-0.013,0,0,11,14,11,La Liga,27,2015/2016,2016-01-23
3825742,Granada,Getafe,2.305,1.928,0.377,0,0,20,9,11,La Liga,27,2015/2016,2016-01-23
3825741,Sporting Gijón,Real Sociedad,4.676,1.325,3.351,0,0,13,9,11,La Liga,27,2015/2016,2016-01-22
3825739,Real Madrid,Sporting Gijón,2.221,0.657,1.564,0,0,17,9,11,La Liga,27,2015/2016,2016-01-17
3825738,Las Palmas,Atlético Madrid,0.502,1.987,-1.485,0,0,11,11,11,La Liga,27,2015/2016,2016-01-17
3825737,Getafe,Espanyol,1.87,1.337,0.532,0,0,19,13,11,La Liga,27,2015/2016,2016-01-17
3825734,Real Sociedad,RC Deportivo La Coruña,2.924,1.424,1.499,0,0,16,7,11,La Liga,27,2015/2016,2016-01-16
3825733,Sevilla,Málaga,1.029,1.19,-0.161,0,0,8,14,11,La Liga,27,2015/2016,2016-01-16
3825732,Celta Vigo,Levante UD,2.093,1.142,0.952,0,0,13,16,11,La Liga,27,2015/2016,2016-01-16
3825735,Villarreal,Real Betis,0.794,0.559,0.235,0,0,9,15,11,La Liga,27,2015/2016,2016-01-16
3825729,Villarreal,Sporting Gijón,1.262,0.703,0.559,0,0,7,12,11,La Liga,27,2015/2016,2016-01-10
3825728,Celta Vigo,Atlético Madrid,0.249,1.317,-1.068,0,0,6,10,11,La Liga,27,2015/2016,2016-01-10
3825730,Real Sociedad,Valencia,2.941,0.675,2.266,0,0,24,10,11,La Liga,27,2015/2016,2016-01-10
3825727,Eibar,Espanyol,2.399,0.376,2.023,0,0,20,7,11,La Liga,27,2015/2016,2016-01-10
3825723,Levante UD,Rayo Vallecano,0.797,0.327,0.469,0,0,10,10,11,La Liga,27,2015/2016,2016-01-09
3825726,Sevilla,Athletic Club,1.247,0.892,0.355,0,0,4,12,11,La Liga,27,2015/2016,2016-01-09
3825725,Getafe,Real Betis,0.736,0.668,0.068,0,0,9,11,11,La Liga,27,2015/2016,2016-01-09
3825724,Real Madrid,RC Deportivo La Coruña,2.522,0.905,1.617,0,0,23,18,11,La Liga,27,2015/2016,2016-01-09
3825722,Sporting Gijón,Getafe,1.364,1.983,-0.619,0,0,17,11,11,La Liga,27,2015/2016,2016-01-04
3825716,Rayo Vallecano,Real Sociedad,1.003,0.845,0.159,0,0,13,15,11,La Liga,27,2015/2016,2016-01-03
3825719,Athletic Club,Las Palmas,2.131,0.778,1.353,0,0,15,12,11,La Liga,27,2015/2016,2016-01-03
3825720,Real Betis,Eibar,1.614,0.949,0.665,0,0,11,6,11,La Liga,27,2015/2016,2016-01-03
3825717,Granada,Sevilla,0.874,2.39,-1.515,0,0,9,16,11,La Liga,27,2015/2016,2016-01-03
3825721,RC Deportivo La Coruña,Villarreal,0.974,1.321,-0.347,0,0,11,6,11,La Liga,27,2015/2016,2016-01-03
3825718,Valencia,Real Madrid,2.617,1.147,1.47,0,0,12,17,11,La Liga,27,2015/2016,2016-01-03
3825715,Málaga,Celta Vigo,2.639,0.819,1.821,0,0,14,8,11,La Liga,27,2015/2016,2016-01-02
3825714,Atlético Madrid,Levante UD,1.172,0.583,0.589,0,0,16,9,11,La Liga,27,2015/2016,2016-01-02
3825713,Villarreal,Valencia,0.349,0.533,-0.184,0,0,9,6,11,La Liga,27,2015/2016,2015-12-31
3825710,Real Madrid,Real Sociedad,3.167,0.658,2.508,0,0,23,13,11,La Liga,27,2015/2016,2015-12-30
3825709,Sevilla,Espanyol,2.312,0.891,1.421,0,0,16,12,11,La Liga,27,2015/2016,2015-12-30
3825646,Villarreal,Sevilla,1.212,0.672,0.539,0,0,12,6,11,La Liga,27,2015/2016,2015-10-31
3825645,Getafe,Barcelona,0.243,1.983,-1.74,0,0,6,15,11,La Liga,27,2015/2016,2015-10-31
3825644,Real Sociedad,Celta Vigo,1.375,1.225,0.15,0,0,21,16,11,La Liga,27,2015/2016,2015-10-31
3825640,Levante UD,Real Sociedad,0.998,3.412,-2.415,0,0,13,13,11,La Liga,27,2015/2016,2015-10-25
3825639,Las Palmas,Villarreal,0.299,0.318,-0.019,0,0,7,5,11,La Liga,27,2015/2016,2015-10-25
3825636,Málaga,RC Deportivo La Coruña,0.515,0.65,-0.135,0,0,9,10,11,La Liga,27,2015/2016,2015-10-24
3825635,Celta Vigo,Real Madrid,1.599,2.095,-0.497,0,0,17,14,11,La Liga,27,2015/2016,2015-10-24
3825634,Granada,Real Betis,1.382,1.149,0.233,0,0,17,8,11,La Liga,27,2015/2016,2015-10-24
3825633,Rayo Vallecano,Espanyol,2.25,1.31,0.94,0,0,13,9,11,La Liga,27,2015/2016,2015-10-23
3825632,Sporting Gijón,Granada,0.893,1.982,-1.088,0,0,15,14,11,La Liga,27,2015/2016,2015-10-19
3825631,Real Sociedad,Atlético Madrid,0.64,1.576,-0.936,0,0,11,7,11,La Liga,27,2015/2016,2015-10-18
3825630,RC Deportivo La Coruña,Athletic Club,1.321,0.607,0.714,0,0,17,7,11,La Liga,27,2015/2016,2015-10-18
3825629,Villarreal,Celta Vigo,0.955,1.587,-0.632,0,0,12,13,11,La Liga,27,2015/2016,2015-10-18
3825627,Barcelona,Rayo Vallecano,4.676,2.473,2.203,0,0,14,22,11,La Liga,27,2015/2016,2015-10-17
3825625,Real Madrid,Levante UD,1.453,1.496,-0.043,0,0,21,17,11,La Liga,27,2015/2016,2015-10-17
3825624,Eibar,Sevilla,0.723,1.787,-1.063,0,0,14,15,11,La Liga,27,2015/2016,2015-10-17
3825622,Athletic Club,Valencia,1.989,0.579,1.41,0,0,16,10,11,La Liga,27,2015/2016,2015-10-04
3825621,Atlético Madrid,Real Madrid,2.866,0.493,2.374,0,0,18,9,11,La Liga,27,2015/2016,2015-10-04
3825620,Rayo Vallecano,Real Betis,0.975,1.98,-1.005,0,0,23,9,11,La Liga,27,2015/2016,2015-10-04
3825617,Sevilla,Barcelona,1.301,3.406,-2.104,0,0,12,28,11,La Liga,27,2015/2016,2015-10-03
3825615,Espanyol,Sporting Gijón,1.596,1.48,0.116,0,0,12,12,11,La Liga,27,2015/2016,2015-10-03
3825613,Celta Vigo,Getafe,1.473,1.518,-0.045,0,0,18,9,11,La Liga,27,2015/2016,2015-10-02
3825610,Sporting Gijón,Real Betis,1.668,1.402,0.266,0,0,19,13,11,La Liga,27,2015/2016,2015-09-27
3825606,Real Madrid,Málaga,3.354,0.672,2.681,0,0,31,12,11,La Liga,27,2015/2016,2015-09-26
3825605,Sevilla,Rayo Vallecano,2.093,0.659,1.433,0,0,18,18,11,La Liga,27,2015/2016,2015-09-26
3825604,Valencia,Granada,1.365,0.992,0.373,0,0,12,18,11,La Liga,27,2015/2016,2015-09-25
3825603,Real Betis,RC Deportivo La Coruña,1.092,0.325,0.767,0,0,9,9,11,La Liga,27,2015/2016,2015-09-24
3825602,Athletic Club,Real Madrid,1.483,2.634,-1.151,0,0,13,22,11,La Liga,27,2015/2016,2015-09-23
3825600,Málaga,Villarreal,0.838,0.91,-0.071,0,0,15,9,11,La Liga,27,2015/2016,2015-09-23
3825599,Espanyol,Valencia,1.754,0.65,1.104,0,0,19,10,11,La Liga,27,2015/2016,2015-09-22
3825597,Las Palmas,Rayo Vallecano,0.767,1.336,-0.569,0,0,8,17,11,La Liga,27,2015/2016,2015-09-20
3825596,RC Deportivo La Coruña,Sporting Gijón,1.058,0.953,0.106,0,0,20,5,11,La Liga,27,2015/2016,2015-09-20
3825594,Sevilla,Celta Vigo,1.099,0.796,0.303,0,0,13,15,11,La Liga,27,2015/2016,2015-09-20
3825593,Eibar,Atlético Madrid,0.323,1.499,-1.175,0,0,9,14,11,La Liga,27,2015/2016,2015-09-19
3825592,Real Sociedad,Espanyol,1.51,1.853,-0.343,0,0,10,18,11,La Liga,27,2015/2016,2015-09-19
3825591,Valencia,Real Betis,1.684,0.153,1.531,0,0,24,3,11,La Liga,27,2015/2016,2015-09-19
3825590,Real Madrid,Granada,2.492,1.171,1.321,0,0,20,12,11,La Liga,27,2015/2016,2015-09-19
3825589,Getafe,Málaga,0.945,0.611,0.333,0,0,10,13,11,La Liga,27,2015/2016,2015-09-18
3825588,Rayo Vallecano,RC Deportivo La Coruña,0.677,1.337,-0.661,0,0,8,14,11,La Liga,27,2015/2016,2015-09-14
3825587,Athletic Club,Getafe,1.443,0.598,0.844,0,0,14,13,11,La Liga,27,2015/2016,2015-09-13
3825586,Málaga,Eibar,1.027,0.841,0.187,0,0,10,7,11,La Liga,27,2015/2016,2015-09-13
3825585,Celta Vigo,Las Palmas,4.287,1.245,3.042,0,0,26,9,11,La Liga,27,2015/2016,2015-09-13
3825583,Sporting Gijón,Valencia,1.097,1.623,-0.526,0,0,15,17,11,La Liga,27,2015/2016,2015-09-12
3825582,Real Betis,Real Sociedad,0.526,0.699,-0.173,0,0,9,15,11,La Liga,27,2015/2016,2015-09-12
3825581,Espanyol,Real Madrid,1.75,3.399,-1.649,0,0,15,15,11,La Liga,27,2015/2016,2015-09-12
3825580,Levante UD,Sevilla,1.436,0.992,0.443,0,0,14,8,11,La Liga,27,2015/2016,2015-09-11
3825578,Eibar,Athletic Club,1.408,0.338,1.07,0,0,9,9,11,La Liga,27,2015/2016,2015-08-30
3825577,Getafe,Granada,0.576,1.222,-0.646,0,0,15,9,11,La Liga,27,2015/2016,2015-08-30
3825576,Valencia,RC Deportivo La Coruña,1.554,0.792,0.762,0,0,13,12,11,La Liga,27,2015/2016,2015-08-30
3825575,Las Palmas,Levante UD,0.699,0.146,0.554,0,0,16,3,11,La Liga,27,2015/2016,2015-08-30
3825574,Celta Vigo,Rayo Vallecano,2.158,0.125,2.033,0,0,13,3,11,La Liga,27,2015/2016,2015-08-29
3825573,Real Sociedad,Sporting Gijón,0.906,0.225,0.681,0,0,14,7,11,La Liga,27,2015/2016,2015-08-29
3825571,Villarreal,Espanyol,1.476,0.592,0.884,0,0,15,5,11,La Liga,27,2015/2016,2015-08-28
3825569,Levante UD,Celta Vigo,0.486,1.685,-1.198,0,0,11,14,11,La Liga,27,2015/2016,2015-08-23
3825568,Real Betis,Villarreal,1.603,1.097,0.505,0,0,22,8,11,La Liga,27,2015/2016,2015-08-23
3825567,Sporting Gijón,Real Madrid,0.28,1.503,-1.222,0,0,6,27,11,La Liga,27,2015/2016,2015-08-23
3825566,Rayo Vallecano,Valencia,0.7,1.693,-0.994,0,0,8,10,11,La Liga,27,2015/2016,2015-08-22
3825565,Espanyol,Getafe,0.287,1.35,-1.063,0,0,5,13,11,La Liga,27,2015/2016,2015-08-22
3825564,RC Deportivo La Coruña,Real Sociedad,0.598,1.08,-0.482,0,0,16,10,11,La Liga,27,2015/2016,2015-08-22
3825563,Atlético Madrid,Las Palmas,0.539,0.5,0.039,0,0,12,7,11,La Liga,27,2015/2016,2015-08-22
266498,Barcelona,Getafe,2.931,0.265,2.667,0,0,15,6,11,La Liga,27,2015/2016,2016-03-12
266986,Real Betis,Barcelona,0.086,2.134,-2.048,0,0,2,12,11,La Liga,27,2015/2016,2016-04-30
267533,Barcelona,Real Madrid,0.725,1.321,-0.595,0,0,14,15,11,La Liga,27,2015/2016,2016-04-02
266310,RC Deportivo La Coruña,Barcelona,1.625,4.034,-2.409,0,0,17,17,11,La Liga,27,2015/2016,2016-04-20
267576,Barcelona,Atlético Madrid,0.571,0.68,-0.109,0,0,10,7,11,La Liga,27,2015/2016,2016-01-30
266653,Rayo Vallecano,Barcelona,1.301,3.61,-2.308,0,0,8,21,11,La Liga,27,2015/2016,2016-03-03
265944,Barcelona,Sporting Gijón,4.722,0.411,4.311,0,0,23,4,11,La Liga,27,2015/2016,2016-04-23
265894,Málaga,Barcelona,1.095,2.132,-1.037,0,0,14,11,11,La Liga,27,2015/2016,2016-01-23
265958,Barcelona,Espanyol,2.927,0.488,2.439,0,0,14,4,11,La Liga,27,2015/2016,2016-05-08
267611,Barcelona,Las Palmas,2.092,0.691,1.401,0,0,16,10,11,La Liga,27,2015/2016,2015-09-26
267422,Barcelona,Málaga,1.828,0.429,1.399,0,0,23,4,11,La Liga,27,2015/2016,2015-08-29
266236,Athletic Club,Barcelona,0.301,1.742,-1.442,0,0,6,10,11,La Liga,27,2015/2016,2015-08-23
267274,Valencia,Barcelona,0.477,1.326,-0.849,0,0,10,16,11,La Liga,27,2015/2016,2015-12-05
266961,Barcelona,RC Deportivo La Coruña,1.041,0.987,0.054,0,0,19,12,11,La Liga,27,2015/2016,2015-12-12
266885,Barcelona,Real Sociedad,2.49,0.609,1.881,0,0,12,10,11,La Liga,27,2015/2016,2015-11-28
266815,Sporting Gijón,Barcelona,0.57,2.363,-1.793,0,0,6,17,11,La Liga,27,2015/2016,2016-02-17
267506,Granada,Barcelona,0.509,2.419,-1.91,0,0,7,12,11,La Liga,27,2015/2016,2016-05-14
266664,Real Sociedad,Barcelona,0.427,1.174,-0.747,0,0,5,13,11,La Liga,27,2015/2016,2016-04-09
266106,Villarreal,Barcelona,1.27,1.776,-0.506,0,0,15,15,11,La Liga,27,2015/2016,2016-03-20
266670,Espanyol,Barcelona,0.226,1.01,-0.785,0,0,4,10,11,La Liga,27,2015/2016,2016-01-02
266149,Barcelona,Athletic Club,2.818,1.089,1.729,0,0,20,9,11,La Liga,27,2015/2016,2016-01-17
266620,Barcelona,Granada,3.209,0.375,2.834,0,0,17,8,11,La Liga,27,2015/2016,2016-01-09
266056,Eibar,Barcelona,0.542,2.334,-1.792,0,0,7,10,11,La Liga,27,2015/2016,2016-03-06
267327,Barcelona,Real Betis,3.458,1.2,2.258,0,0,16,13,11,La Liga,27,2015/2016,2015-12-30
266166,Atlético Madrid,Barcelona,0.71,1.729,-1.018,0,0,11,14,11,La Liga,27,2015/2016,2015-09-12
266160,Levante UD,Barcelona,0.846,1.081,-0.235,0,0,14,11,11,La Liga,27,2015/2016,2016-02-07
265839,Barcelona,Sevilla,2.057,1.497,0.56,0,0,15,12,11,La Liga,27,2015/2016,2016-02-28
266424,Real Madrid,Barcelona,1.343,2.479,-1.136,0,0,13,18,11,La Liga,27,2015/2016,2015-11-21
266467,Celta Vigo,Barcelona,2.108,1.942,0.165,0,0,19,18,11,La Liga,27,2015/2016,2015-09-23
267273,Las Palmas,Barcelona,1.352,2.664,-1.312,0,0,16,12,11,La Liga,27,2015/2016,2016-02-20
266490,Barcelona,Levante UD,3.53,0.721,2.81,0,0,20,11,11,La Liga,27,2015/2016,2015-09-20
266254,Barcelona,Celta Vigo,4.176,1.34,2.836,0,0,20,10,11,La Liga,27,2015/2016,2016-02-14
266557,Barcelona,Valencia,2.262,0.676,1.586,0,0,22,7,11,La Liga,27,2015/2016,2016-04-17
267183,Barcelona,Real Madrid,2.349,0.979,1.37,0,0,17,13,11,La Liga,26,2014/2015,2015-03-22
265835,Barcelona,Sevilla,2.214,0.098,2.115,0,0,15,2,11,La Liga,26,2014/2015,2014-11-22
266838,Málaga,Barcelona,0.255,0.784,-0.529,0,0,6,10,11,La Liga,26,2014/2015,2014-09-24
265963,Barcelona,Getafe,2.148,0.48,1.668,0,0,20,7,11,La Liga,26,2014/2015,2015-04-28
266117,Barcelona,Granada,3.111,0.679,2.432,0,0,19,9,11,La Liga,26,2014/2015,2014-09-27
266916,Barcelona,Rayo Vallecano,4.088,1.181,2.907,0,0,19,9,11,La Liga,26,2014/2015,2015-03-08
267197,Barcelona,RC Deportivo La Coruña,1.941,0.472,1.468,0,0,16,10,11,La Liga,26,2014/2015,2015-05-23
70264,Getafe,Barcelona,0.077,1.689,-1.612,0,0,4,23,11,La Liga,26,2014/2015,2014-12-13
70273,Barcelona,Athletic Club,2.152,0.273,1.879,0,0,15,4,11,La Liga,26,2014/2015,2014-09-13
267301,Barcelona,Celta Vigo,1.847,1.375,0.472,0,0,19,10,11,La Liga,26,2014/2015,2014-11-01
265896,Barcelona,Eibar,2.767,0.713,2.054,0,0,28,4,11,La Liga,26,2014/2015,2014-10-18
265866,Córdoba CF,Barcelona,0.516,4.787,-4.271,0,0,6,27,11,La Liga,26,2014/2015,2015-05-02
267400,Barcelona,Almería,1.835,0.37,1.466,0,0,17,6,11,La Liga,26,2014/2015,2015-04-08
266406,Villarreal,Barcelona,0.764,3.219,-2.454,0,0,10,22,11,La Liga,26,2014/2015,2014-08-31
267085,Real Madrid,Barcelona,2.059,1.223,0.836,0,0,18,14,11,La Liga,26,2014/2015,2014-10-25
267561,Rayo Vallecano,Barcelona,0.728,2.028,-1.3,0,0,11,17,11,La Liga,26,2014/2015,2014-10-04
266148,Barcelona,Málaga,0.759,1.419,-0.66,0,0,10,11,11,La Liga,26,2014/2015,2015-02-21
266045,Barcelona,Real Sociedad,2.009,0.461,1.548,0,0,15,5,11,La Liga,26,2014/2015,2015-05-09
70303,Barcelona,Atlético Madrid,2.559,0.988,1.572,0,0,17,4,11,La Liga,26,2014/2015,2015-01-11
266240,Real Sociedad,Barcelona,0.467,0.851,-0.384,0,0,7,16,11,La Liga,26,2014/2015,2015-01-04
267597,Barcelona,Villarreal,2.943,1.008,1.935,0,0,18,10,11,La Liga,26,2014/2015,2015-02-01
266794,Elche,Barcelona,0.224,2.737,-2.512,0,0,6,11,11,La Liga,26,2014/2015,2015-01-24
267343,Granada,Barcelona,1.239,3.179,-1.94,0,0,10,16,11,La Liga,26,2014/2015,2015-02-28
266631,Atlético Madrid,Barcelona,0.564,1.09,-0.525,0,0,9,14,11,La Liga,26,2014/2015,2015-05-17
266320,Barcelona,Espanyol,1.498,0.21,1.288,0,0,15,3,11,La Liga,26,2014/2015,2014-12-07
266230,RC Deportivo La Coruña,Barcelona,0.559,1.843,-1.284,0,0,6,15,11,La Liga,26,2014/2015,2015-01-18
266525,Barcelona,Valencia,2.169,1.83,0.339,0,0,11,12,11,La Liga,26,2014/2015,2015-04-18
266560,Valencia,Barcelona,0.874,1.478,-0.603,0,0,12,14,11,La Liga,26,2014/2015,2014-11-30
266846,Barcelona,Córdoba CF,1.877,0.112,1.765,0,0,16,7,11,La Liga,26,2014/2015,2014-12-20
266531,Espanyol,Barcelona,0.521,1.932,-1.41,0,0,7,13,11,La Liga,26,2014/2015,2015-04-25
266921,Barcelona,Elche,1.469,0.07,1.4,0,0,12,3,11,La Liga,26,2014/2015,2014-08-24
267499,Almería,Barcelona,0.571,3.202,-2.631,0,0,6,19,11,La Liga,26,2014/2015,2014-11-08
266741,Barcelona,Levante UD,3.305,0.337,2.968,0,0,19,5,11,La Liga,26,2014/2015,2015-02-15
266871,Athletic Club,Barcelona,2.018,3.362,-1.344,0,0,15,20,11,La Liga,26,2014/2015,2015-02-08
266967,Eibar,Barcelona,0.452,1.664,-1.212,0,0,12,11,11,La Liga,26,2014/2015,2015-03-14
266929,Celta Vigo,Barcelona,0.404,1.199,-0.795,0,0,7,11,11,La Liga,26,2014/2015,2015-04-05
266770,Levante UD,Barcelona,0.374,3.469,-3.095,0,0,9,17,11,La Liga,26,2014/2015,2014-09-21
266142,Sevilla,Barcelona,0.972,1.304,-0.332,0,0,11,17,11,La Liga,26,2014/2015,2015-04-11
267368,Barcelona,Real Betis,2.882,0.464,2.418,0,0,12,12,11,La Liga,25,2013/2014,2014-04-05
70301,Barcelona,Sevilla,1.44,0.492,0.948,0,0,18,7,11,La Liga,25,2013/2014,2013-09-14
70298,Valencia,Barcelona,1.094,3.116,-2.022,0,0,16,19,11,La Liga,25,2013/2014,2013-09-01
70302,Rayo Vallecano,Barcelona,1.914,2.274,-0.36,0,0,16,13,11,La Liga,25,2013/2014,2013-09-21
70291,Barcelona,Málaga,2.721,0.204,2.517,0,0,23,3,11,La Liga,25,2013/2014,2014-01-26
267138,Granada,Barcelona,0.661,2.13,-1.47,0,0,5,27,11,La Liga,25,2013/2014,2014-04-12
267520,Barcelona,Real Sociedad,4.349,1.258,3.091,0,0,24,9,11,La Liga,25,2013/2014,2013-09-24
70289,Villarreal,Barcelona,0.929,1.253,-0.324,0,0,5,19,11,La Liga,25,2013/2014,2014-04-27
266066,Barcelona,Almería,2.76,0.211,2.549,0,0,29,6,11,La Liga,25,2013/2014,2014-03-02
267675,Sevilla,Barcelona,1.416,1.199,0.217,0,0,14,8,11,La Liga,25,2013/2014,2014-02-09
70288,Levante UD,Barcelona,0.305,1.069,-0.764,0,0,7,16,11,La Liga,25,2013/2014,2014-01-19
266074,Barcelona,Osasuna,2.997,0.79,2.207,0,0,20,6,11,La Liga,25,2013/2014,2014-03-16
267567,Barcelona,Athletic Club,2.334,0.917,1.418,0,0,18,10,11,La Liga,25,2013/2014,2014-04-20
266201,Elche,Barcelona,0.494,1.437,-0.943,0,0,8,23,11,La Liga,25,2013/2014,2014-05-11
266274,Barcelona,Celta Vigo,2.777,0.828,1.948,0,0,14,8,11,La Liga,25,2013/2014,2014-03-26
70293,Barcelona,Real Madrid,0.706,1.183,-0.477,0,0,13,11,11,La Liga,25,2013/2014,2013-10-26
265918,Barcelona,Rayo Vallecano,2.26,0.474,1.786,0,0,20,9,11,La Liga,25,2013/2014,2014-02-15
70277,Barcelona,Levante UD,4.791,0.233,4.558,0,0,23,4,11,La Liga,25,2013/2014,2013-08-18
70283,Barcelona,Espanyol,1.996,0.555,1.441,0,0,19,8,11,La Liga,25,2013/2014,2013-11-01
70306,Espanyol,Barcelona,0.58,3.741,-3.162,0,0,8,22,11,La Liga,25,2013/2014,2014-03-29
266256,Barcelona,Atlético Madrid,0.491,0.502,-0.011,0,0,10,9,11,La Liga,25,2013/2014,2014-05-17
266613,Barcelona,Valencia,2.26,1.483,0.777,0,0,20,8,11,La Liga,25,2013/2014,2014-02-01
266491,Barcelona,Getafe,1.55,0.573,0.977,0,0,19,7,11,La Liga,25,2013/2014,2014-05-03
265830,Atlético Madrid,Barcelona,0.749,0.524,0.225,0,0,8,8,11,La Liga,25,2013/2014,2014-01-11
265857,Real Madrid,Barcelona,2.197,2.53,-0.333,0,0,13,18,11,La Liga,25,2013/2014,2014-03-23
266883,Real Betis,Barcelona,2.052,2.582,-0.53,0,0,16,11,11,La Liga,25,2013/2014,2013-11-10
266603,Real Valladolid,Barcelona,0.74,0.797,-0.056,0,0,7,12,11,La Liga,25,2013/2014,2014-03-08
265837,Real Sociedad,Barcelona,1.347,0.746,0.601,0,0,13,10,11,La Liga,25,2013/2014,2014-02-22
266462,Osasuna,Barcelona,0.086,0.932,-0.846,0,0,4,12,11,La Liga,25,2013/2014,2013-10-19
267192,Celta Vigo,Barcelona,0.564,1.938,-1.373,0,0,11,21,11,La Liga,25,2013/2014,2013-10-29
266420,Almería,Barcelona,0.151,1.473,-1.322,0,0,5,16,11,La Liga,25,2013/2014,2013-09-28
266015,Real Valladolid,Barcelona,1.001,1.721,-0.72,0,0,4,11,11,La Liga,24,2012/2013,2012-12-22
70270,Barcelona,Granada,2.402,0.77,1.633,0,0,19,7,11,La Liga,24,2012/2013,2012-09-22
70281,Barcelona,Real Betis,3.086,0.571,2.516,0,0,18,5,11,La Liga,24,2012/2013,2013-05-05
70308,Barcelona,Celta Vigo,2.066,1.28,0.786,0,0,12,11,11,La Liga,24,2012/2013,2012-11-03
70282,Valencia,Barcelona,1.111,1.416,-0.305,0,0,17,10,11,La Liga,24,2012/2013,2013-02-03
266724,Mallorca,Barcelona,1.608,0.602,1.006,0,0,6,12,11,La Liga,24,2012/2013,2012-11-11
70272,Real Madrid,Barcelona,1.314,0.344,0.97,0,0,14,5,11,La Liga,24,2012/2013,2013-03-02
70304,RC Deportivo La Coruña,Barcelona,1.403,1.418,-0.014,0,0,12,10,11,La Liga,24,2012/2013,2012-10-20
70280,Levante UD,Barcelona,2.591,1.197,1.394,0,0,13,13,11,La Liga,24,2012/2013,2012-11-25
70296,Barcelona,Atlético Madrid,0.901,0.775,0.126,0,0,9,8,11,La Liga,24,2012/2013,2012-12-16
70297,Barcelona,Getafe,4.177,0.459,3.718,0,0,16,6,11,La Liga,24,2012/2013,2013-02-10
266433,Barcelona,Espanyol,3.184,0.796,2.388,0,0,19,5,11,La Liga,24,2012/2013,2013-01-06
70256,Celta Vigo,Barcelona,1.091,0.386,0.705,0,0,7,6,11,La Liga,24,2012/2013,2013-03-30
70259,Barcelona,Real Sociedad,1.529,0.621,0.908,0,0,18,6,11,La Liga,24,2012/2013,2012-08-19
70260,Barcelona,Osasuna,3.282,0.225,3.057,0,0,19,3,11,La Liga,24,2012/2013,2013-01-27
70263,Barcelona,Athletic Club,2.558,0.601,1.957,0,0,16,6,11,La Liga,24,2012/2013,2012-12-01
70276,Rayo Vallecano,Barcelona,0.675,2.509,-1.833,0,0,18,16,11,La Liga,24,2012/2013,2012-10-27
70287,Real Sociedad,Barcelona,0.992,1.155,-0.162,0,0,14,8,11,La Liga,24,2012/2013,2013-01-19
70284,Atlético Madrid,Barcelona,0.982,0.621,0.361,0,0,12,11,11,La Liga,24,2012/2013,2013-05-12
70275,Sevilla,Barcelona,0.632,1.386,-0.754,0,0,8,15,11,La Liga,24,2012/2013,2012-09-29
70286,Barcelona,Valencia,1.19,0.462,0.729,0,0,17,8,11,La Liga,24,2012/2013,2012-09-02
70309,Barcelona,Real Zaragoza,0.696,0.774,-0.078,0,0,8,12,11,La Liga,24,2012/2013,2012-11-17
70300,Barcelona,Real Madrid,1.083,0.928,0.156,0,0,10,9,11,La Liga,24,2012/2013,2012-10-07
70295,Real Betis,Barcelona,0.867,1.501,-0.634,0,0,10,13,11,La Liga,24,2012/2013,2012-12-09
70307,Barcelona,Rayo Vallecano,2.577,1.211,1.366,0,0,19,16,11,La Liga,24,2012/2013,2013-03-17
70305,Barcelona,RC Deportivo La Coruña,1.415,0.068,1.347,0,0,12,4,11,La Liga,24,2012/2013,2013-03-09
266827,Málaga,Barcelona,0.331,1.535,-1.204,0,0,7,12,11,La Liga,24,2012/2013,2013-01-13
267502,Athletic Club,Barcelona,1.385,1.144,0.241,0,0,7,15,11,La Liga,24,2012/2013,2013-04-27
70271,Barcelona,Sevilla,1.15,0.596,0.554,0,0,17,6,11,La Liga,24,2012/2013,2013-02-23
70294,Granada,Barcelona,1.443,2.092,-0.648,0,0,7,18,11,La Liga,24,2012/2013,2013-02-16
70262,Osasuna,Barcelona,1.334,1.727,-0.394,0,0,15,15,11,La Liga,24,2012/2013,2012-08-26
70292,Getafe,Barcelona,0.258,2.931,-2.674,0,0,5,14,11,La Liga,24,2012/2013,2012-09-15
69328,Barcelona,Valencia,4.189,0.308,3.881,0,0,30,3,11,La Liga,23,2011/2012,2012-02-19
69329,Barcelona,Sevilla,1.853,0.185,1.668,0,0,20,5,11,La Liga,23,2011/2012,2011-10-22
70219,Real Zaragoza,Barcelona,1.709,3.061,-1.352,0,0,12,15,11,La Liga,23,2011/2012,2012-04-07
69331,Barcelona,Real Zaragoza,4.059,0.151,3.908,0,0,27,3,11,La Liga,23,2011/2012,2011-11-19
69337,Atlético Madrid,Barcelona,1.236,0.916,0.321,0,0,13,8,11,La Liga,23,2011/2012,2012-02-26
69322,Racing Santander,Barcelona,0.074,3.186,-3.112,0,0,1,22,11,La Liga,23,2011/2012,2012-03-11
69316,Barcelona,Real Sociedad,2.465,1.074,1.392,0,0,19,8,11,La Liga,23,2011/2012,2012-02-04
69332,Barcelona,Rayo Vallecano,1.466,0.613,0.853,0,0,13,9,11,La Liga,23,2011/2012,2011-11-29
69335,Málaga,Barcelona,1.121,2.167,-1.046,0,0,9,15,11,La Liga,23,2011/2012,2012-01-22
69330,Athletic Club,Barcelona,0.412,1.236,-0.824,0,0,3,16,11,La Liga,23,2011/2012,2011-11-06
69297,Barcelona,Atlético Madrid,2.424,0.596,1.828,0,0,17,6,11,La Liga,23,2011/2012,2011-09-24
69325,Mallorca,Barcelona,0.724,1.266,-0.541,0,0,9,16,11,La Liga,23,2011/2012,2012-03-24
69324,Barcelona,Real Madrid,2.109,1.611,0.498,0,0,14,14,11,La Liga,23,2011/2012,2012-04-21
70225,Barcelona,Granada,1.304,1.843,-0.539,0,0,18,6,11,La Liga,23,2011/2012,2012-03-20
69293,Barcelona,Racing Santander,2.359,0.132,2.227,0,0,18,3,11,La Liga,23,2011/2012,2011-10-15
70223,Valencia,Barcelona,1.35,0.894,0.456,0,0,8,10,11,La Liga,23,2011/2012,2011-09-21
69333,Barcelona,Levante UD,3.023,0.376,2.647,0,0,18,5,11,La Liga,23,2011/2012,2011-12-03
69264,Real Sociedad,Barcelona,1.679,2.314,-0.635,0,0,10,13,11,La Liga,23,2011/2012,2011-09-10
69343,Barcelona,Getafe,2.899,0.073,2.826,0,0,15,3,11,La Liga,23,2011/2012,2012-04-10
69340,Barcelona,Málaga,3.037,0.863,2.174,0,0,11,11,11,La Liga,23,2011/2012,2012-05-02
69265,Sporting Gijón,Barcelona,0.232,0.727,-0.494,0,0,6,13,11,La Liga,23,2011/2012,2011-10-02
69319,Real Betis,Barcelona,0.814,0.579,0.235,0,0,5,11,11,La Liga,23,2011/2012,2012-05-12
69334,Real Madrid,Barcelona,1.323,0.915,0.407,0,0,17,11,11,La Liga,23,2011/2012,2011-12-10
69327,Barcelona,Real Betis,3.119,1.365,1.754,0,0,15,10,11,La Liga,23,2011/2012,2012-01-15
69315,Getafe,Barcelona,0.376,1.462,-1.085,0,0,7,20,11,La Liga,23,2011/2012,2011-11-26
69336,Osasuna,Barcelona,1.104,1.681,-0.577,0,0,7,19,11,La Liga,23,2011/2012,2012-02-11
69326,Sevilla,Barcelona,1.257,2.676,-1.419,0,0,10,17,11,La Liga,23,2011/2012,2012-03-17
69268,Barcelona,Villarreal,3.109,0.094,3.015,0,0,18,4,11,La Liga,23,2011/2012,2011-08-29
69320,Barcelona,Espanyol,2.424,0.282,2.142,0,0,14,10,11,La Liga,23,2011/2012,2012-05-05
69312,Espanyol,Barcelona,1.683,0.859,0.824,0,0,15,10,11,La Liga,23,2011/2012,2012-01-08
69314,Barcelona,Mallorca,3.258,0.317,2.941,0,0,20,3,11,La Liga,23,2011/2012,2011-10-29
69318,Granada,Barcelona,0.036,1.355,-1.319,0,0,2,17,11,La Liga,23,2011/2012,2011-10-25
69338,Villarreal,Barcelona,0.296,1.409,-1.113,0,0,5,11,11,La Liga,23,2011/2012,2012-01-28
70220,Barcelona,Osasuna,3.961,0.284,3.677,0,0,18,6,11,La Liga,23,2011/2012,2011-09-17
70224,Rayo Vallecano,Barcelona,0.769,2.841,-2.071,0,0,10,18,11,La Liga,23,2011/2012,2012-04-29
70221,Levante UD,Barcelona,1.045,2.553,-1.508,0,0,6,17,11,La Liga,23,2011/2012,2012-04-14
69323,Barcelona,Athletic Club,2.291,0.364,1.927,0,0,20,5,11,La Liga,23,2011/2012,2012-03-31
69276,Barcelona,Atlético Madrid,2.221,0.994,1.227,0,0,16,8,11,La Liga,22,2010/2011,2011-02-05
69304,Villarreal,Barcelona,0.668,0.846,-0.178,0,0,7,10,11,La Liga,22,2010/2011,2011-04-02
69307,Osasuna,Barcelona,0.174,2.654,-2.48,0,0,4,14,11,La Liga,22,2010/2011,2010-12-04
69271,Barcelona,Osasuna,0.766,1.033,-0.267,0,0,11,12,11,La Liga,22,2010/2011,2011-04-23
69305,Barcelona,Almería,2.419,0.394,2.024,0,0,19,4,11,La Liga,22,2010/2011,2011-04-09
69278,Barcelona,Málaga,2.025,0.214,1.812,0,0,12,4,11,La Liga,22,2010/2011,2011-01-16
69275,Espanyol,Barcelona,0.594,2.901,-2.307,0,0,7,21,11,La Liga,22,2010/2011,2010-12-18
69295,Barcelona,Racing Santander,3.404,0.371,3.033,0,0,13,8,11,La Liga,22,2010/2011,2011-01-22
69270,Getafe,Barcelona,1.653,2.841,-1.188,0,0,12,15,11,La Liga,22,2010/2011,2010-11-07
69303,Barcelona,Getafe,0.987,0.613,0.374,0,0,14,8,11,La Liga,22,2010/2011,2011-03-19
69245,Real Madrid,Barcelona,1.711,1.485,0.226,0,0,13,10,11,La Liga,22,2010/2011,2011-04-16
69287,Barcelona,Hércules,1.58,1.769,-0.189,0,0,16,9,11,La Liga,22,2010/2011,2010-09-11
69296,Hércules,Barcelona,0.366,2.114,-1.748,0,0,4,19,11,La Liga,22,2010/2011,2011-01-29
69260,Barcelona,Valencia,1.805,0.503,1.302,0,0,13,6,11,La Liga,22,2010/2011,2010-10-16
69269,Atlético Madrid,Barcelona,0.426,1.922,-1.496,0,0,7,17,11,La Liga,22,2010/2011,2010-09-19
69246,Real Sociedad,Barcelona,1.708,1.126,0.582,0,0,8,11,11,La Liga,22,2010/2011,2011-04-30
69302,Barcelona,Real Sociedad,2.282,0.069,2.212,0,0,22,2,11,La Liga,22,2010/2011,2010-12-12
69282,Barcelona,Athletic Club,1.912,1.129,0.783,0,0,21,4,11,La Liga,22,2010/2011,2011-02-20
69274,Valencia,Barcelona,0.203,2.256,-2.052,0,0,7,18,11,La Liga,22,2010/2011,2011-03-02
69283,Mallorca,Barcelona,0.418,1.829,-1.41,0,0,8,8,11,La Liga,22,2010/2011,2011-02-26
69280,RC Deportivo La Coruña,Barcelona,0.742,0.928,-0.186,0,0,7,7,11,La Liga,22,2010/2011,2011-01-08
69286,Racing Santander,Barcelona,1.107,0.81,0.297,0,0,11,9,11,La Liga,22,2010/2011,2010-08-29
69291,Sevilla,Barcelona,1.27,1.924,-0.655,0,0,12,13,11,La Liga,22,2010/2011,2011-03-13
69236,Barcelona,Mallorca,1.574,0.494,1.08,0,0,25,10,11,La Liga,22,2010/2011,2010-10-03
69234,Barcelona,Espanyol,1.168,0.586,0.582,0,0,14,7,11,La Liga,22,2010/2011,2011-05-08
69272,Levante UD,Barcelona,1.04,0.859,0.181,0,0,8,10,11,La Liga,22,2010/2011,2011-05-11
69308,Barcelona,Villarreal,1.913,1.021,0.892,0,0,14,9,11,La Liga,22,2010/2011,2010-11-13
69299,Barcelona,Real Madrid,2.772,0.126,2.646,0,0,14,5,11,La Liga,22,2010/2011,2010-11-29
69300,Barcelona,Real Zaragoza,1.933,0.495,1.438,0,0,25,3,11,La Liga,22,2010/2011,2011-03-05
69289,Barcelona,Sevilla,1.33,0.133,1.197,0,0,17,3,11,La Liga,22,2010/2011,2010-10-30
69263,Real Zaragoza,Barcelona,0.389,2.15,-1.761,0,0,5,18,11,La Liga,22,2010/2011,2010-10-23
69306,Almería,Barcelona,0.288,3.616,-3.328,0,0,9,20,11,La Liga,22,2010/2011,2010-11-20
69248,Sporting Gijón,Barcelona,0.288,1.191,-0.902,0,0,7,15,11,La Liga,22,2010/2011,2011-02-12
69243,Barcelona,Sevilla,2.903,0.286,2.617,0,0,26,5,11,La Liga,21,2009/2010,2010-01-16
69241,Barcelona,Tenerife,2.687,0.536,2.15,0,0,20,4,11,La Liga,21,2009/2010,2010-05-04
69239,Sevilla,Barcelona,1.08,2.606,-1.527,0,0,7,18,11,La Liga,21,2009/2010,2010-05-08
69257,Barcelona,Osasuna,1.762,0.367,1.396,0,0,15,3,11,La Liga,21,2009/2010,2010-03-24
69253,Barcelona,Real Zaragoza,2.938,0.997,1.941,0,0,17,7,11,La Liga,21,2009/2010,2009-10-25
69244,Villarreal,Barcelona,0.841,1.494,-0.653,0,0,7,13,11,La Liga,21,2009/2010,2010-05-01
69277,Osasuna,Barcelona,0.707,1.644,-0.937,0,0,8,15,11,La Liga,21,2009/2010,2009-10-31
69229,Getafe,Barcelona,0.705,1.972,-1.267,0,0,19,14,11,La Liga,21,2009/2010,2009-09-12
69219,Tenerife,Barcelona,1.21,2.918,-1.707,0,0,13,17,11,La Liga,21,2009/2010,2010-01-10
69218,RC Deportivo La Coruña,Barcelona,0.334,1.482,-1.148,0,0,4,19,11,La Liga,21,2009/2010,2009-12-05
69250,Barcelona,Mallorca,3.169,1.31,1.858,0,0,16,10,11,La Liga,21,2009/2010,2009-11-07
69242,Barcelona,Real Valladolid,2.008,0.785,1.223,0,0,14,8,11,La Liga,21,2009/2010,2010-05-16
69256,Barcelona,Almería,1.228,0.068,1.161,0,0,16,1,11,La Liga,21,2009/2010,2009-10-03
69298,Mallorca,Barcelona,0.603,1.194,-0.591,0,0,11,7,11,La Liga,21,2009/2010,2010-03-27
69259,Real Madrid,Barcelona,1.534,0.664,0.87,0,0,17,7,11,La Liga,21,2009/2010,2010-04-10
69224,Barcelona,Valencia,2.155,0.73,1.425,0,0,21,7,11,La Liga,21,2009/2010,2010-03-14
69210,Real Valladolid,Barcelona,0.699,1.082,-0.383,0,0,12,14,11,La Liga,21,2009/2010,2010-01-23
69220,Sporting Gijón,Barcelona,0.42,1.851,-1.431,0,0,5,21,11,La Liga,21,2009/2010,2010-01-30
69237,Atlético Madrid,Barcelona,0.924,1.026,-0.102,0,0,13,13,11,La Liga,21,2009/2010,2010-02-14
69226,Almería,Barcelona,0.354,2.079,-1.725,0,0,7,22,11,La Liga,21,2009/2010,2010-03-06
69252,Valencia,Barcelona,1.236,0.751,0.485,0,0,12,13,11,La Liga,21,2009/2010,2009-10-17
69255,Málaga,Barcelona,0.047,1.731,-1.684,0,0,3,11,11,La Liga,21,2009/2010,2009-09-26
69214,Barcelona,Xerez,1.864,0.798,1.066,0,0,13,8,11,La Liga,21,2009/2010,2010-04-24
69262,Barcelona,Real Madrid,0.706,1.291,-0.585,0,0,8,16,11,La Liga,21,2009/2010,2009-11-29
69240,Barcelona,Getafe,1.623,1.798,-0.176,0,0,16,15,11,La Liga,21,2009/2010,2010-02-06
69233,Barcelona,Racing Santander,0.915,0.688,0.227,0,0,16,5,11,La Liga,21,2009/2010,2010-02-20
69213,Espanyol,Barcelona,0.754,0.152,0.601,0,0,10,4,11,La Liga,21,2009/2010,2010-04-17
69238,Barcelona,Málaga,2.873,0.319,2.554,0,0,22,5,11,La Liga,21,2009/2010,2010-02-27
69267,Xerez,Barcelona,0.353,1.895,-1.542,0,0,7,12,11,La Liga,21,2009/2010,2009-12-02
69288,Athletic Club,Barcelona,0.537,1.474,-0.936,0,0,8,13,11,La Liga,21,2009/2010,2009-11-21
69254,Racing Santander,Barcelona,0.266,1.415,-1.149,0,0,5,21,11,La Liga,21,2009/2010,2009-09-22
69292,Barcelona,Atlético Madrid,1.479,1.227,0.252,0,0,8,13,11,La Liga,21,2009/2010,2009-09-19
69227,Real Zaragoza,Barcelona,0.885,2.789,-1.904,0,0,11,17,11,La Liga,21,2009/2010,2010-03-21
69247,Barcelona,Athletic Club,2.625,1.923,0.702,0,0,16,15,11,La Liga,21,2009/2010,2010-04-03
69221,Barcelona,RC Deportivo La Coruña,2.509,0.118,2.392,0,0,22,5,11,La Liga,21,2009/2010,2010-04-14
69225,Barcelona,Real Madrid,2.671,0.469,2.203,0,0,21,6,11,La Liga,41,2008/2009,2008-12-13
69212,Barcelona,Atlético Madrid,3.264,0.217,3.047,0,0,18,7,11,La Liga,41,2008/2009,2008-10-04
69235,Málaga,Barcelona,0.621,0.636,-0.015,0,0,5,13,11,La Liga,41,2008/2009,2008-11-01
69232,Barcelona,Almería,2.715,0.289,2.426,0,0,13,6,11,La Liga,41,2008/2009,2008-10-25
69216,Barcelona,Athletic Club,4.122,0.768,3.354,0,0,28,6,11,La Liga,41,2008/2009,2009-03-07
69209,Racing Santander,Barcelona,1.256,0.679,0.577,0,0,7,8,11,La Liga,41,2008/2009,2009-02-01
69231,Barcelona,Sporting Gijón,2.601,0.194,2.407,0,0,18,5,11,La Liga,41,2008/2009,2009-02-08
69217,Barcelona,Villarreal,1.679,1.947,-0.268,0,0,16,6,11,La Liga,41,2008/2009,2009-05-10
69273,Real Valladolid,Barcelona,0.369,1.8,-1.43,0,0,6,13,11,La Liga,41,2008/2009,2009-04-04
69222,Barcelona,Recreativo Huelva,2.268,0.881,1.386,0,0,16,6,11,La Liga,41,2008/2009,2009-04-11
69223,Getafe,Barcelona,0.211,2.606,-2.395,0,0,3,19,11,La Liga,41,2008/2009,2009-04-18
69195,Real Betis,Barcelona,0.795,2.774,-1.979,0,0,6,23,11,La Liga,41,2008/2009,2009-02-14
69251,Valencia,Barcelona,1.215,0.819,0.396,0,0,10,13,11,La Liga,41,2008/2009,2009-04-25
69185,Atlético Madrid,Barcelona,2.814,2.301,0.513,0,0,23,14,11,La Liga,41,2008/2009,2009-03-01
69142,Barcelona,Málaga,3.5,0.533,2.967,0,0,25,9,11,La Liga,41,2008/2009,2009-03-22
69139,Barcelona,Espanyol,1.37,0.516,0.854,0,0,16,2,11,La Liga,41,2008/2009,2009-02-21
69189,Barcelona,CD Numancia de Soria,3.648,0.164,3.484,0,0,21,4,11,La Liga,41,2008/2009,2009-01-24
69171,Sevilla,Barcelona,0.95,1.063,-0.114,0,0,10,21,11,La Liga,41,2008/2009,2008-11-29
69249,Real Madrid,Barcelona,0.672,2.273,-1.601,0,0,5,17,11,La Liga,41,2008/2009,2009-05-02
69215,Barcelona,Racing Santander,1.932,0.245,1.687,0,0,16,2,11,La Liga,41,2008/2009,2008-09-13
69138,Sporting Gijón,Barcelona,0.368,2.946,-2.578,0,0,5,22,11,La Liga,41,2008/2009,2008-09-21
69147,CD Numancia de Soria,Barcelona,0.309,1.774,-1.464,0,0,6,24,11,La Liga,41,2008/2009,2008-08-31
69177,Almería,Barcelona,0.317,1.292,-0.975,0,0,5,17,11,La Liga,41,2008/2009,2009-03-15
69207,Barcelona,Real Betis,2.178,0.512,1.666,0,0,20,8,11,La Liga,41,2008/2009,2008-09-24
69228,Villarreal,Barcelona,0.912,1.227,-0.315,0,0,8,16,11,La Liga,41,2008/2009,2008-12-21
69183,Barcelona,RC Deportivo La Coruña,4.108,0.065,4.043,0,0,21,1,11,La Liga,41,2008/2009,2009-01-17
69279,Barcelona,Real Valladolid,4.163,0.04,4.123,0,0,21,3,11,La Liga,41,2008/2009,2008-11-08
69285,Recreativo Huelva,Barcelona,0.447,2.698,-2.25,0,0,7,21,11,La Liga,41,2008/2009,2008-11-16
69211,Espanyol,Barcelona,0.328,3.732,-3.404,0,0,3,31,11,La Liga,41,2008/2009,2008-09-27
69230,Osasuna,Barcelona,0.389,1.224,-0.836,0,0,5,17,11,La Liga,41,2008/2009,2009-01-11
69149,Barcelona,Valencia,2.396,0.323,2.073,0,0,17,4,11,La Liga,41,2008/2009,2008-12-06
69151,Levante UD,Barcelona,1.064,2.113,-1.049,0,0,7,12,11,La Liga,40,2007/2008,2007-09-29
69144,Barcelona,Atlético Madrid,2.481,0.199,2.282,0,0,16,9,11,La Liga,40,2007/2008,2007-10-07
69169,Barcelona,Athletic Club,1.796,0.576,1.22,0,0,16,9,11,La Liga,40,2007/2008,2007-09-02
68360,Barcelona,Levante UD,2.665,1.16,1.505,0,0,18,9,11,La Liga,40,2007/2008,2008-02-24
69186,Real Murcia CF,Barcelona,2.083,3.486,-1.403,0,0,21,16,11,La Liga,40,2007/2008,2008-05-17
69180,Racing Santander,Barcelona,0.85,0.74,0.11,0,0,14,14,11,La Liga,40,2007/2008,2007-08-26
69143,Barcelona,Real Zaragoza,3.614,0.38,3.233,0,0,24,5,11,La Liga,40,2007/2008,2007-09-26
69181,Athletic Club,Barcelona,1.079,0.463,0.616,0,0,16,8,11,La Liga,40,2007/2008,2008-01-27
68365,Atlético Madrid,Barcelona,1.402,1.008,0.394,0,0,8,17,11,La Liga,40,2007/2008,2008-03-01
69178,Getafe,Barcelona,1.132,0.586,0.546,0,0,14,10,11,La Liga,40,2007/2008,2007-11-10
68364,Villarreal,Barcelona,2.015,1.467,0.548,0,0,8,13,11,La Liga,40,2007/2008,2007-10-20
69170,Barcelona,RC Deportivo La Coruña,2.756,0.703,2.052,0,0,19,9,11,La Liga,40,2007/2008,2007-12-09
68359,Barcelona,Espanyol,1.181,0.252,0.929,0,0,19,7,11,La Liga,40,2007/2008,2008-04-19
68356,Espanyol,Barcelona,0.588,1.756,-1.167,0,0,11,16,11,La Liga,40,2007/2008,2007-12-01
69158,Barcelona,Almería,2.567,0.367,2.2,0,0,18,6,11,La Liga,40,2007/2008,2007-10-28
69187,Barcelona,Osasuna,1.201,0.5,0.701,0,0,17,9,11,La Liga,40,2007/2008,2008-02-03
68363,Real Valladolid,Barcelona,1.686,0.743,0.944,0,0,15,12,11,La Liga,40,2007/2008,2007-11-01
69166,Barcelona,Real Betis,1.635,0.137,1.498,0,0,20,6,11,La Liga,40,2007/2008,2007-11-04
68366,Barcelona,Mallorca,1.287,0.811,0.477,0,0,12,19,11,La Liga,40,2007/2008,2008-05-11
69148,Barcelona,Sevilla,1.421,0.734,0.687,0,0,13,6,11,La Liga,40,2007/2008,2007-09-22
69184,Barcelona,Recreativo Huelva,2.684,0.283,2.4,0,0,19,3,11,La Liga,40,2007/2008,2007-11-24
69173,Barcelona,Racing Santander,1.423,0.348,1.075,0,0,12,9,11,La Liga,40,2007/2008,2008-01-20
69146,Sevilla,Barcelona,1.499,0.776,0.724,0,0,18,15,11,La Liga,40,2007/2008,2008-02-09
69182,Real Zaragoza,Barcelona,1.777,1.704,0.072,0,0,15,11,11,La Liga,40,2007/2008,2008-02-16
68358,Recreativo Huelva,Barcelona,1.499,0.984,0.515,0,0,14,11,11,La Liga,40,2007/2008,2008-04-12
68361,Real Madrid,Barcelona,2.464,0.992,1.472,0,0,20,15,11,La Liga,40,2007/2008,2008-05-07
69141,Barcelona,Valencia,3.116,0.318,2.798,0,0,17,6,11,La Liga,40,2007/2008,2008-05-04
69145,Valencia,Barcelona,0.36,2.314,-1.954,0,0,11,15,11,La Liga,40,2007/2008,2007-12-15
69176,Atlético Madrid,Barcelona,0.555,3.14,-2.585,0,0,17,19,11,La Liga,39,2006/2007,2007-05-20
69179,Real Zaragoza,Barcelona,1.03,0.941,0.089,0,0,14,8,11,La Liga,39,2006/2007,2007-04-07
68334,Sevilla,Barcelona,1.826,1.075,0.751,0,0,16,9,11,La Liga,39,2006/2007,2007-03-03
68333,Barcelona,Athletic Club,1.425,0.303,1.122,0,0,15,5,11,La Liga,39,2006/2007,2007-02-25
68336,Gimnàstic Tarragona,Barcelona,0.837,3.496,-2.659,0,0,11,23,11,La Liga,39,2006/2007,2007-06-17
68326,Celta Vigo,Barcelona,1.066,0.904,0.162,0,0,11,11,11,La Liga,39,2006/2007,2006-08-28
69162,Barcelona,Real Betis,2.335,0.485,1.851,0,0,18,4,11,La Liga,39,2006/2007,2007-05-13
68335,Barcelona,Real Madrid,2.511,1.859,0.651,0,0,19,14,11,La Liga,39,2006/2007,2007-03-10
68332,Valencia,Barcelona,1.375,0.815,0.56,0,0,6,13,11,La Liga,39,2006/2007,2007-02-18
68330,Real Madrid,Barcelona,1.319,1.177,0.142,0,0,17,14,11,La Liga,39,2006/2007,2006-10-22
68329,Barcelona,Sevilla,1.453,0.561,0.892,0,0,11,10,11,La Liga,39,2006/2007,2006-10-15
68341,Recreativo Huelva,Barcelona,0.795,0.982,-0.187,0,0,13,11,11,La Liga,39,2006/2007,2007-03-17
69165,Barcelona,Espanyol,2.497,1.133,1.364,0,0,26,10,11,La Liga,39,2006/2007,2007-06-09
69155,Villarreal,Barcelona,0.597,1.407,-0.81,0,0,9,16,11,La Liga,39,2006/2007,2007-04-22
69154,Barcelona,Racing Santander,2.461,0.913,1.548,0,0,16,6,11,La Liga,39,2006/2007,2007-02-11
69156,Barcelona,Levante UD,2.342,0.658,1.683,0,0,15,9,11,La Liga,39,2006/2007,2007-04-29
69159,Barcelona,Mallorca,1.914,0.862,1.051,0,0,24,4,11,La Liga,39,2006/2007,2007-04-15
69175,Barcelona,RC Deportivo La Coruña,1.857,0.681,1.176,0,0,19,15,11,La Liga,39,2006/2007,2007-03-31
69160,Real Sociedad,Barcelona,0.351,2.034,-1.683,0,0,9,13,11,La Liga,39,2006/2007,2007-05-05
68331,Barcelona,Real Zaragoza,1.312,1.022,0.289,0,0,13,12,11,La Liga,39,2006/2007,2006-11-12
68328,Barcelona,Valencia,1.235,0.341,0.895,0,0,23,6,11,La Liga,39,2006/2007,2006-09-24
68340,Racing Santander,Barcelona,0.462,2.198,-1.736,0,0,8,17,11,La Liga,39,2006/2007,2006-09-17
69174,RC Deportivo La Coruña,Barcelona,2.006,1.24,0.766,0,0,21,11,11,La Liga,39,2006/2007,2006-11-04
68347,Athletic Club,Barcelona,0.391,2.162,-1.771,0,0,6,18,11,La Liga,39,2006/2007,2006-09-30
68327,Barcelona,Osasuna,2.595,0.409,2.186,0,0,16,8,11,La Liga,39,2006/2007,2006-09-09
69157,Barcelona,Getafe,1.729,0.719,1.01,0,0,12,10,11,La Liga,39,2006/2007,2007-05-26
69164,Barcelona,Málaga,3.265,0.397,2.869,0,0,36,5,11,La Liga,38,2005/2006,2005-10-26
68324,Barcelona,Deportivo Alavés,4.781,0.427,4.354,0,0,27,3,11,La Liga,38,2005/2006,2006-01-22
68320,Villarreal,Barcelona,0.392,0.369,0.023,0,0,6,11,11,La Liga,38,2005/2006,2005-12-04
68323,Barcelona,Celta Vigo,1.232,0.364,0.868,0,0,14,4,11,La Liga,38,2005/2006,2005-12-20
69172,Barcelona,Real Betis,2.72,1.006,1.713,0,0,17,11,11,La Liga,38,2005/2006,2006-02-18
68339,Getafe,Barcelona,0.367,1.58,-1.213,0,0,7,10,11,La Liga,38,2005/2006,2005-11-06
68348,Espanyol,Barcelona,0.746,1.906,-1.16,0,0,10,18,11,La Liga,38,2005/2006,2006-01-07
68354,Barcelona,Racing Santander,3.205,0.792,2.413,0,0,25,2,11,La Liga,38,2005/2006,2005-11-27
68351,Real Zaragoza,Barcelona,0.187,1.201,-1.014,0,0,6,9,11,La Liga,38,2005/2006,2006-02-25
68317,Barcelona,Real Zaragoza,3.266,1.219,2.047,0,0,21,7,11,La Liga,38,2005/2006,2005-10-01
68350,Barcelona,Atlético Madrid,1.435,1.806,-0.371,0,0,15,13,11,La Liga,38,2005/2006,2006-02-05
68325,Mallorca,Barcelona,0.218,2.005,-1.787,0,0,5,12,11,La Liga,38,2005/2006,2006-01-29
68321,Barcelona,Sevilla,2.299,1.356,0.943,0,0,17,7,11,La Liga,38,2005/2006,2005-12-11
68319,Real Madrid,Barcelona,0.39,1.981,-1.591,0,0,5,21,11,La Liga,38,2005/2006,2005-11-19
68342,Barcelona,Athletic Club,2.009,0.961,1.048,0,0,17,9,11,La Liga,38,2005/2006,2006-01-15
68322,Cádiz,Barcelona,1.34,3.08,-1.74,0,0,12,21,11,La Liga,38,2005/2006,2005-12-17
68318,Barcelona,Osasuna,2.776,0.619,2.157,0,0,25,5,11,La Liga,38,2005/2006,2005-10-22
68314,Barcelona,Málaga,1.911,0.068,1.843,0,0,17,2,11,La Liga,37,2004/2005,2004-12-04
68313,Barcelona,Osasuna,1.899,0.331,1.568,0,0,19,8,11,La Liga,37,2004/2005,2004-10-24
68316,Barcelona,Albacete,1.067,0.127,0.94,0,0,22,4,11,La Liga,37,2004/2005,2005-05-01
68315,Barcelona,Levante UD,1.399,0.848,0.551,0,0,16,6,11,La Liga,37,2004/2005,2004-12-21
69153,Albacete,Barcelona,1.169,0.687,0.482,0,0,6,10,11,La Liga,37,2004/2005,2004-12-11
68352,Barcelona,Getafe,1.468,0.226,1.242,0,0,18,5,11,La Liga,37,2004/2005,2005-04-17
68353,Espanyol,Barcelona,0.858,1.265,-0.407,0,0,10,15,11,La Liga,37,2004/2005,2004-10-16
3888713,Real Madrid,Barcelona,0.642,2.44,-1.798,0,0,7,21,11,La Liga,278,1973/1974,1974-02-17
